UniqueCount	AmbigCount
1463	0
1605	0
1648	1
1190	1
1716	7
947	0
1640	5
1235	0
2257	0
35	0
886	0
373	0
668	0
791	0
904	0
2	0
48	0
412	0
223	0
301	0
2	0
609	0
5	0
1480	0
768	0
3135	1
772	1
764	1
308	16
7	4
4	0
714	0
671	0
1372	0
2063	0
1320	0
2338	6
474	0
396	0
13	0
244	0
450	0
1306	0
2315	7
1095	5
3	0
444	14
576	0
299	13
827	32
805	0
345	1
11	0
2	0
1098	1
4	0
1425	12
470	0
11	0
1707	1
819	3
1154	0
6	0
768	0
624	1
146	0
4	0
859	2
1524	57
880	0
468	0
1541	1
1	0
172	1
8	0
253	3
9	0
546	0
37	1
1	0
928	2
643	1
574	0
910	1
700	0
585	4
160	0
7	0
110	0
667	0
1377	1
29	0
723	0
1258	1
642	0
4	0
168	0
16	0
1720	0
181	0
1122	1
345	0
5	0
300	1
153	0
3	0
6	0
974	0
6	0
499	4
2	0
2262	0
0	0
688	0
6	0
2	0
108	0
321	0
119	0
677	0
1	0
609	0
488	0
254	0
12	0
632	1
710	0
6	0
481	0
779	1
548	1
1036	0
3	0
373	2
194	0
580	0
0	0
941	0
2	0
410	0
1468	0
336	0
861	0
181	1
3	0
4	0
2	0
0	0
269	0
354	3
1120	7
5	0
420	0
193	0
3	0
175	1
324	62
4	0
145	1
488	0
859	0
84	0
4761	1
537	0
549	7
260	0
814	0
8	0
534	5
755	1
296	3
414	0
133	5
298	0
3	0
933	0
737	8
31	0
711	1
467	4
404	1
1002	0
887	6
771	0
2	0
672	0
1	0
332	0
579	0
114	0
0	0
802	0
902	5
1013	0
310	5
686	0
31	0
822	4
2	0
833	12
138	1
81	0
33	0
1111	0
906	0
603	0
10	0
454	1
2638	10
58325	0
0	0
14	0
12	0
417	1
338	1
604	0
460	0
51	0
697	0
2	0
1	0
486	0
76	1
774	2
11	0
90	0
673	0
459	0
161	0
719	0
1394	1
1319	0
6	0
207	9
2	0
3	0
208	0
5254	2
918	0
578	0
767	12
501	6
911	0
595	12
892	0
1	0
523	0
759	0
18	0
507	0
638	0
864	0
713	0
576	0
437	0
363	12
463	1
211	0
494	0
2419	1
275	1
3	0
1158	0
107	0
610	3
268	1
844	0
945	0
10	1
394	0
803	1
0	0
157	0
436	2
608	0
379	3
250	3
12	0
3	0
392	2
517	0
448	9
26	0
385	1
1	0
344	0
613	0
3	0
709	1
0	0
1133	1
529	0
205	0
689	0
636	1
667	0
234	0
413	1
4	0
259	0
338	1
0	0
10	0
634	11
3	0
298	2
525	0
3731	4
820	0
6	0
1310	6
19	0
820	0
5	0
259	0
222	0
363	0
0	0
426	0
887	3
558	0
2	0
335	0
354	0
515	4
401	1
155	8
432	3
247	0
7	0
549	10
249	0
477	0
871	1
503	10
669	4
246	0
2	0
3	0
12	0
5309	210
793	0
105	0
40	0
482	0
9	0
322	0
506	0
456	0
671	1
86	0
838	0
341	0
556	0
2483	1
250	0
40	5
518	3
468	0
210	2
1	0
16	0
32	0
35	0
8	0
85	0
736	4
445	0
949	0
5	0
20	0
3033	1
6	2
0	0
4	0
478	0
1071	1
392	0
32	1
2	0
129	1
16	0
671	1
24	0
656	6
372	0
11	0
380	0
81	0
136	0
1058	19
2	0
376	0
242	2
295	0
235	0
266	0
1	0
260	1
740	3
355	0
270	0
46	0
511	0
776	1
1	0
4	0
109	0
518	2
341	0
9	0
4	0
12	0
495	2
645	0
579	0
100	0
108	0
6	0
675	3
57	0
414	0
115	0
555	4
10	0
272	0
11	0
4	0
355	0
175	0
2	0
215	0
98	9
1	0
460	0
1134	0
6	0
5	0
68	2
3	1
231	0
383	9
284	0
9	0
714	1
602	0
0	0
3	0
9	0
403	0
169	0
154	0
706	0
4	0
3455	1
19	0
5	0
511	0
2	0
246	0
144	0
209	0
10	0
39	0
1851	2
1	0
6	0
1	0
2201	102
524	0
362	0
720	0
201	19
4	0
393	0
641	0
4	0
927	0
31	0
1	0
404	1
219	1
306	0
395	6
305	0
228	16
120	0
3241	31
504	0
174	0
724	4
382	3
296	0
338	0
7	0
472	0
48	0
1065	0
135	2
4	0
214	8
483	0
456	2
67	0
11	0
2367	0
634	0
357	4
309	0
0	0
332	0
3451	32
7	0
430	1
329	0
606	0
2	0
990	13
397	4
457	0
3975	3
39	0
395	0
13	0
367	0
20	0
16	0
1	0
71	0
845	0
460	5
20	0
756	1
23	5
272	0
77	0
169	0
551	12
481	1
293	2
32	0
145	0
214	0
240	0
0	0
319	0
351	0
4	0
4	0
554	1
172	1
13	0
577	0
223	0
20	0
0	0
865	1
952	0
513	4
95	0
478	0
534	1
123	0
859	9
507	0
2	0
453	0
880	10
1	0
80	0
6	0
521	1
111	0
211	2
330	0
684	4
22	0
492	0
2	0
428	0
195	0
941	1
271	0
395	7
1	0
1	0
11	0
2	0
165	2
688	0
22	0
0	0
769	0
334	1
327	0
44	1
179	0
2401	0
1180	10
2	0
846	0
1215	3
462	0
215	1
269	0
62	0
1289	16
306	0
418	0
301	0
377	0
120	1
1	0
279	0
93	0
353	0
8	0
10	0
5	0
2748	2
63	0
1833	0
7	0
546	0
1959	0
0	0
5	0
696	4
156	0
358	0
102	0
337	0
429	0
3375	0
470	1
911	0
2	0
57	0
7	0
36	3
353	0
0	0
439	0
3	0
547	0
321	2
375	3
81	0
1052	0
423	2
3	0
345	2
351	0
561	0
206	0
68	0
283	17
297	0
12	0
24	0
259	2
230	11
249	7
57	0
122	0
734	0
160	1
212	1
0	0
5	0
273	5
20	0
228	0
350	0
233	0
113	0
19	0
355	11
167	0
269	0
281	1
485	2
1	0
304	0
303	1
2	1
377	0
33	0
194	0
5	0
0	0
294	0
266	6
181	0
105	0
27	0
348	1
95	0
74	2
131	1
1	0
648	0
2141	0
191	0
8	0
222	3
663	0
9	0
196	0
119	0
233	1
3	0
1	0
723	0
17	0
1	0
310	1
41	5
396	0
114	0
1123	0
10	0
24	0
339	0
224	0
7	0
363	1
198	3
6	0
7	0
223	0
4	0
311	0
268	1
3389	0
530	0
473	0
2	0
712	0
119	0
2	0
301	0
2	0
6	0
187	0
226	0
222	1
2	0
108	0
4	0
497	1
312	0
2	0
94	2
227	9
432	0
514	0
4	0
335	0
194	0
1302	0
408	0
79	0
534	1
2	0
2	0
154	0
1	0
2	0
223	0
301	4
22	1
164	2
3	0
4	0
298	0
2	0
768	0
1	0
25	0
455	3
5502	3
728	2
5	0
10	0
6240	0
1940	4
328	0
206	4
0	0
245	0
206	0
3	0
329	0
52	0
303	0
208	1
361	1
2011	92
183	0
149	0
609	2
550	0
35	0
834	0
344	1
408	0
11	0
244	0
1119	1
92	7
11	0
959	19
219	1
422	11
1	0
384	9
190	0
66	0
276	2
400	0
0	0
5	0
36	6
970	0
3	0
296	0
153	0
237	3
221	15
2	0
2	0
83	0
18	0
0	1
1	0
313	0
190	0
4	0
555	0
24	0
194	0
263	0
279	0
710	2
247	0
365	15
3	0
381	3
310	0
2	0
2465	29
15	0
425	0
95	0
665	0
309	2
2	0
479	1
0	0
647	2
209	0
313	0
11	0
380	1
108	0
536	0
187	0
5	0
12	0
115	0
12	0
0	1
2214	3
211	3
1272	1
3	0
3446	14
115	0
5	0
20	3
308	0
363	0
693	2
653	0
396	1
885	14
0	0
14	0
2	0
25	0
57	0
303	12
5	0
360	0
620	16
0	0
1605	0
121	0
442	1
5420	3
418	0
23	1
315	0
211	0
709	0
367	0
58	0
182	5
1	0
5	13
351	0
1	0
513	0
331	0
1049	0
552	0
248	0
582	0
631	0
374	3
800	2
2	0
0	0
329	0
2	0
4	0
380	0
42	0
32	0
12	0
23	0
1	0
199	0
141	1
833	1
226	0
4	0
336	0
440	0
1108	0
14	0
29	0
195	0
6	0
6	0
9	0
259	0
744	0
4	0
227	6
1268	1
4	0
16	0
1060	0
518	0
428	0
8	1
460	0
475	0
444	0
15	0
925	15
170	0
0	0
337	1
10	0
1	0
4	0
207	0
3	0
49	10
213	3
14	0
299	3
610	0
58	13
197	0
117	0
171	2
81	1
177	2
276	0
294	2
430	0
816	1
8	0
324	1
202	1
112	0
392	0
2	0
257	0
4	0
310	0
425	1
606	11
156	0
242	0
3	0
9	0
1192	22
9	0
93	0
247	1
255	1
298	0
1	0
217	0
204	4
549	2
15	0
2	0
0	0
322	0
286	1
34	0
212	0
268	0
546	1
92	0
833	5
218	0
119	0
0	0
144	6
3	0
327	0
189	0
2	0
3221	2
601	0
351	0
424	0
39	0
5	0
173	0
20	2
2	0
36	0
265	0
8	0
3	0
11	0
4	0
353	0
48	0
485	0
1922	2
2299	0
31	0
1	0
1	0
21	0
2751	0
175	1
170	0
3876	1
509	1
443	1
1028	13
62	2
98	0
0	0
8	0
48	0
425	0
0	0
132	0
141	0
3	0
53	0
2	0
249	0
117	9
1	0
244	0
323	0
336	0
332	0
7	0
15	0
1	0
8	1
13	0
126	1
1	0
409	0
383	2
301	0
15	0
4	0
198	0
549	10
1122	0
21	0
642	5
0	0
400	0
1225	12
404	11
181	0
22	3
431	0
493	0
259	2
876	0
246	0
625	17
6	0
2272	13
1	0
194	0
24	0
1	0
299	1
10	0
219	0
25	0
3	0
23	0
703	0
322	0
11	0
11	0
391	0
257	0
265	0
1	0
8	0
235	0
35	0
183	0
3	0
219	0
1342	0
155	0
644	2
207	0
286	2
213	0
108	0
17	4
0	0
204	0
166	2
1010	0
584	10
614	0
445	7
204	0
348	5
36	0
26	1
3	0
367	6
229	0
413	0
417	0
1	0
21	0
22	1
2	0
711	0
5	0
1285	2
1	0
7	0
194	0
71	0
886	1
535	0
301	0
192	0
8	1
179	0
5	0
0	0
217	0
5	0
91	0
0	0
218	2
37	0
25	0
153	0
254	0
0	0
950	0
65	0
2	0
1	0
4	0
0	0
568	0
31	1
2	0
3	0
396	0
105	0
2	0
3	0
0	0
144	1
7	0
56	0
161	0
942	2
0	0
328	12
0	0
0	0
288	0
429	1
3647	0
12	0
3	0
25	1
12	0
81	0
266	0
256	0
19	0
148	0
2	0
221	0
0	0
1887	2
140	0
309	0
160	0
336	0
192	0
1	0
0	0
4	0
1	0
84	0
0	0
0	0
1301	0
417	0
2	0
286	2
19	0
157	0
53	0
924	1
292	0
0	0
302	0
129	9
415	3
491	0
299	1
46	0
14	0
5	0
187	0
0	0
8	0
7	0
243	0
178	0
1	0
438	1
507	0
165	1
13	0
1188	0
171	0
841	0
163	1
632	0
371	1
69	0
0	0
1	0
1637	74
416	0
501	0
254	0
898	2
8	0
614	1
231	0
2861	33
279	0
0	0
110	12
65	0
171	0
136	4
7	0
0	0
297	0
11	0
216	1
5	0
13	0
1	0
290	0
50	0
0	0
18	0
1	0
23	0
22	0
0	0
19	0
26	0
2	0
182	0
124	0
11	0
7	0
210	0
2	0
33	8
307	0
148	2
4	0
530	0
338	8
1	0
294	12
1	0
6	0
23	1
15	0
200	1
176	1
76	1
0	0
225	0
179	0
6	0
325	1
25	0
4	0
415	0
364	0
10	0
242	0
117	0
160	0
244	0
214	0
210	0
334	1
4	0
2	0
141	16
395	0
100	0
173	0
2	0
400	3
613	7
671	0
4	0
929	0
306	2
15	1
330	0
198	1
6	0
13	0
183	0
192	0
5	0
299	2
652	0
1920	2
161	0
12	0
160	0
557	0
495	14
80	0
5	0
6	0
4	0
4	0
147	0
957	31
418	0
4	0
13	0
544	1
17	0
294	1
4	0
0	0
423	0
37	0
151	0
3	0
6	0
316	8
203	0
3	1
11	0
12	0
206	0
1090	3
551	19
223	0
620	3
185	0
76	0
243	0
4	0
195	0
4	0
0	0
763	1
516	0
0	0
2	11
8	0
1	0
6	2
0	0
30	2
181	1
3	0
8	0
206	0
188	0
469	0
1	0
67	1
325	0
159	2
19	0
155	0
160	0
2	0
298	0
2105	6
3	0
0	0
243	1
292	1
498	5
269	0
159	0
226	0
27	0
0	0
2	0
392	0
290	0
4	0
306	0
259	1
690	0
2	0
8	0
40	0
1	0
3	2
312	0
1	0
1	0
35	0
358	8
36	0
523	0
378	0
31	0
2	0
164	1
655	7
46	0
268	0
7	0
519	0
6	0
603	3
59	0
326	1
153	0
495	0
35	0
368	0
1043	0
3	0
2	0
9	0
4	0
89	0
4	0
1014	2
3	0
577	0
10	0
351	1
129	0
24	0
160	1
3	0
37	1
1	0
194	0
2356	1
0	0
651	1
7	0
814	1
14	0
4	0
229	0
3	0
494	0
1	0
240	0
0	0
223	0
237	0
268	0
247	0
290	0
7	0
228	0
218	0
0	0
0	0
776	0
16	0
0	0
12	0
153	1
175	8
123	5
0	0
186	0
3	0
6326	21
5	0
114	3
1	0
2	0
1	0
1329	32
0	0
1010	0
22	0
246	1
321	7
1417	1
4	0
2	2
5	0
140	5
400	0
1	0
495	0
2741	2
5	1
158	0
121	0
391	0
499	0
3	0
336	1
234	0
6	0
3	0
2653	100
40	0
140	0
240	0
78	0
390	0
163	0
161	0
302	4
2	0
17	0
216	0
11	0
833	0
95	1
156	0
467	0
562	0
218	0
572	0
183	0
30	0
0	0
397	0
30	0
2	0
125	1
179	0
469	0
15	2
10	0
13	0
81	0
25	0
5	0
5	0
2	0
23	0
12	0
1	0
47	0
1214	0
0	0
5512	4
239	1
1153	0
567	4
0	0
926	17
304	0
253	4
270	0
0	0
35	0
189	6
106	2
3	0
423	0
2	0
20	0
1	1
190	0
164	0
196	7
50	17
318	0
3	0
1	0
449	4
1	0
1905	1
331	0
601	0
194	7
1145	8
0	0
9	0
6	0
1	0
156	0
0	0
151	0
272	0
367	0
10	0
49	0
153	22
6	0
1791	25
2	0
148	0
44	0
399	0
277	0
260	1
4338	46
305	19
0	0
688	1
1	0
396	0
39	0
1360	0
112	6
3	0
0	0
1	0
420	5
1892	0
17	0
104	0
420	0
123	0
400	0
126	0
0	0
1417	0
437	0
150	1
8	0
67	2
40	0
5	0
169	0
2	0
2898	16
267	0
26	0
199	0
928	0
8	0
1	0
182	0
426	0
93	1
39	0
0	0
93	1
2	0
2	0
24	0
261	0
171	18
1506	2
0	0
280	1
144	0
488	14
1	0
383	0
249	0
0	0
614	0
1235	1
0	0
1	0
162	0
28	3
5	0
9	0
207	1
82	0
0	0
413	0
208	0
152	0
0	0
1854	0
17	0
357	0
157	0
0	0
89	0
4	0
3674	4
1119	10
317	0
4	0
2	0
179	5
225	0
93	0
110	6
231	5
83	0
85	1
0	0
1	0
291	0
0	0
124	52
819	19
2	0
338	9
2	0
1071	0
69	0
123	1
204	0
3	0
9	0
2	0
0	0
304	0
1	1
9	0
235	0
1	0
6	0
1	0
81	0
25	5
177	0
857	8
321	6
11	0
147	2
31	0
348	21
335	1
4	0
170	0
135	3
178	5
17	0
127	0
409	1
4	0
3	0
430	0
152	4
1	0
15	0
131	2
163	4
62	7
1	0
9145	7
11	0
217	1
2	0
594	0
351	1
197	2
0	0
103	0
235	0
108	0
192	0
160	0
703	34
138	0
0	0
115	1
7	0
2	0
194	1
3	0
45	0
87	0
114	0
541	0
3	0
157	0
101	0
143	0
0	0
1	0
32	1
19	0
16373	5
24	0
169	0
0	0
362	0
4	0
10	0
18	0
5	0
0	0
169	2
299	0
84	0
12	1
58	1
240	9
2902	0
281	0
375	0
1062	0
66	0
689	7
370	0
503	0
1	0
213	0
137	2
806	2
107	0
18	0
39	0
1	0
390	5
0	0
23	0
144	0
145	1
30	0
5	0
4	0
2	0
51	2
1	0
226	0
350	0
6	0
302	0
19	1
528	2
123	0
218	3
2	0
5	0
0	0
3	0
316	1
7	0
6	0
400	0
32	0
2	0
122	0
1	0
113	0
1042	0
29	0
130	0
56	0
4	0
172	0
343	1
2109	1
147	0
461	1
36	0
458	1
16	1
0	0
194	6
452	0
350	0
202	0
31	0
11	0
1158	1
617	0
4	0
2	0
25	0
151	0
0	0
487	5
1	0
2	0
121	1
229	0
2	0
1	0
633	0
933	37
341	1
297	0
8	0
0	0
1	0
20	0
5	0
207	0
2	0
426	0
133	1
188	0
3	0
609	1
97	0
385	0
156	0
1	0
205	0
7	0
0	0
313	0
4	0
31	0
8	1
22	0
124	0
107	0
61	0
133	0
266	0
0	0
0	0
261	1
134	0
214	3
219	0
0	0
2	0
18	0
0	0
181	0
221	0
146	0
9	0
295	0
273	1
385	2
168	1
177	0
413	0
7	0
10	0
204	0
146	0
4	0
107	0
1	0
1	0
133	1
37	0
799	9
137	0
6	0
54	1
716	0
592	25
725	11
9	0
180	0
155	0
624	0
85	0
2	0
19	0
333	9
172	0
201	0
0	0
218	0
479	17
166	0
277	0
226	0
157	0
6	0
2	0
15	0
43	0
183	0
224	0
52	0
221	8
978	14
348	0
14	0
4	0
169	0
11	0
2	0
2	0
221	0
5	0
2	0
0	0
4	0
2	0
121	4
4	0
190	5
6	0
4	0
434	12
93	0
344	0
0	0
3	0
500	0
209	0
3	0
3	0
97	0
179	0
12	0
5	0
0	0
4	0
9	0
143	0
195	4
401	1
11	0
11	0
201	0
250	0
103	0
0	0
61	0
2	0
19	0
2147	2
313	0
897	1
73	0
38	0
2	0
64	0
0	0
3	0
2	1
41	0
148	0
178	2
1	0
1664	1
32	0
1207	0
52	0
0	0
21	0
95	0
1117	1
97	0
46	6
0	0
105	0
100	0
1	0
131	0
135	0
0	0
233	0
0	0
708	0
71	0
167	2
213	7
40	0
137	0
0	0
0	0
203	0
0	0
9	0
175	1
577	9
36	0
4	0
191	1
197	0
272	22
19	0
2	0
86	0
405	0
693	5
41	2
0	0
5	0
3	0
17	0
622	1
18	0
154	0
43	0
294	0
128	5
2	0
0	0
2	0
1	0
107	0
8	0
216	0
79	0
0	1
7	0
339	9
386	0
1	0
137	0
2	0
175	1
16	0
771	0
349	0
47	0
152	0
328	0
143	0
2	0
23	0
5	0
110	9
20	0
0	0
128	0
47	1
1	0
0	0
235	0
368	0
225	0
75	0
3	0
173	0
117	1
1	0
167	4
6	0
428	1
1	0
162	0
16	0
1	0
146	0
790	5
3	0
0	0
114	0
108	0
226	0
1	0
1	0
181	0
0	0
1	0
11	0
399	0
611	0
6	0
107	0
185	0
1	0
96	0
28	1
79	0
208	1
70	1
4	0
15	0
108	0
1	0
232	1
133	0
25	0
225	1
247	2
4	0
0	0
27	1
23	0
0	0
160	1
0	0
702	0
367	0
142	7
166	0
1	0
157	2
291	0
266	10
0	0
35	0
4	0
9	0
103	0
1	0
3	0
9	0
0	0
108	0
6	0
3	0
185	0
806	5
181	0
221	0
2	0
43	0
117	1
0	0
122	0
212	0
114	0
19	0
21	0
12	1
235	0
3	0
162	0
231	0
2	0
120	0
171	0
3	0
303	0
9	0
417	0
357	0
0	0
100	0
26	0
226	0
189	0
129	0
4	0
1	0
209	0
207	6
2	0
9	0
250	0
288	0
0	0
2	0
13	0
241	40
241	1
2	0
110	0
0	0
3	0
123	1
183	0
3	0
1	0
410	7
2757	0
330	0
155	0
0	0
98	1
0	0
187	0
9	0
360	0
111	0
77	0
69	0
9	0
77	0
6	0
1	0
321	0
3	0
47	0
40	0
1008	1
89	1
122	0
34	0
352	0
164	0
79	0
121	0
646	0
0	0
104	0
309	8
189	1
243	0
24	3
13	0
2	0
5	0
386	1
314	0
149	2
0	0
99	0
2	0
252	0
79	0
71	2
286	11
120	0
776	0
0	0
1	0
57	0
1	0
364	0
156	0
267	0
3	0
84	0
3989	46
2	0
140	0
102	1
176	1
3375	76
8	0
472	5
115	0
173	0
712	0
326	0
112	0
14	0
60	36
7	0
115	0
0	0
5	0
5	0
0	0
180	0
330	9
12	0
133	0
0	0
0	0
300	2
165	15
257	0
262	2
626	4
133	0
203	0
266	1
395	0
10	2
0	0
928	12
10	2
109	0
118	0
164	0
4	0
3	0
3	0
152	0
140	1
593	0
31	5
1	0
145	1
289	0
0	0
57	1
1	0
14	0
71	0
174	2
4	0
11	0
166	0
8	0
163	1
1	0
205	0
0	0
150	0
152	0
2	0
153	1
0	0
0	0
1191	0
77	0
306	2
4	0
5	0
305	0
9	0
0	0
133	5
2	0
2	0
1	0
5	0
117	1
41	0
711	56
112	0
0	0
0	0
8	0
14	0
42	0
87	4
258	0
8	0
2	0
75	0
1	0
12	1
131	5
156	6
1	0
85	2
1	0
168	0
16	0
327	4
106	3
135	0
0	0
19	0
136	0
239	0
152	0
57	0
1	0
2	1
189	0
400	0
302	9
2	0
547	2
2	0
2	0
0	0
1	0
0	0
105	14
0	0
61	1
0	0
2	0
167	6
185	0
402	16
153	0
468	2
1	0
11	0
13	0
172	0
2	0
84	2
145	0
1475	37
1164	10
326	0
11	0
199	0
173	0
2	0
250	0
1	0
0	0
28	0
264	0
88	0
0	0
126	4
230	1
0	0
9	0
221	0
184	1
76	0
258	0
0	0
0	0
0	0
101	0
86	0
89	0
509	2
88	0
193	0
126	0
9	0
81	1
2	0
110	0
0	0
23	0
0	0
12	0
109	0
2	0
172	2
97	0
0	0
294	0
6	0
88	0
0	0
1	0
5502	0
4	0
265	8
103	2
172	0
0	0
5	0
3	0
106	0
132	0
4	0
1	0
181	13
226	5
459	0
4	0
118	3
124	0
2	0
3	0
253	15
8	0
358	18
110	0
0	0
2	0
31	3
73	0
8	0
6	0
247	0
0	0
303	0
1	0
55	0
291	0
2	0
89	2
1	0
1	3
113	0
2	0
124	2
2	0
73	0
100	0
31	0
89	0
232	1
0	0
488	1
117	0
0	0
402	0
13	0
34	0
1826	28
0	0
1	0
52	8
89	0
208	1
0	0
123	4
170	0
1	0
259	0
114	0
165	0
0	0
0	0
85	0
1088	2
22	0
483	0
134	0
209	0
38	2
62	0
223	0
137	0
602	9
143	0
187	13
25	0
34	1
97	0
2	0
13	0
90	0
95	0
303	0
2	0
7	0
12	0
0	0
247	18
9	0
0	0
0	0
0	0
0	0
4	0
0	0
0	0
94	1
89	0
1	0
108	0
100	1
112	1
75	2
89	0
199	0
0	0
0	0
106	0
0	0
192	7
116	7
129	3
27	0
14	0
281	0
0	0
0	0
142	0
329	13
147	0
14249	7
350	5
145	2
767	0
253	3
0	0
8	0
0	0
810	0
0	0
2	0
245	0
137	0
0	0
0	0
105	4
87	0
96	0
120	0
86	2
798	0
7	0
20	0
1	0
77	0
17	0
513	0
128	4
1	0
24	1
0	0
113	0
1069	5
0	0
105	0
22	3
45	0
6	0
26	4
4	0
1234	1
222	0
14	0
458	25
17	0
162	19
198	30
8	0
228	9
627	0
0	0
147	1
1	0
1	0
107	0
1873	3
335	36
0	0
0	0
46	0
148	1
214	1
6	1
0	0
17	0
375	3
83	0
86	0
171	0
159	0
142	0
88	1
2092	28
4	0
40	4
234	1
3	0
15	1
247	1
4	0
414	13
689	0
0	0
131	0
84	0
386	0
307	0
0	0
104	1
191	0
13	0
0	0
1767	6
3	0
3	0
112	0
10	0
2	0
495	0
19	0
12	0
119	4
1470	0
179	0
11	0
220	0
150	4
148	0
286	0
7	0
0	0
0	0
1526	0
0	0
30	0
211	0
0	0
101	0
148	6
269	0
120	0
329	1
5	0
110	0
124	0
97	1
1	0
130	0
19	0
10	1
133	0
0	0
1	0
292	0
110	0
6	0
2	0
135	0
18	0
138	0
418	100
225	0
0	0
167	0
139	0
0	0
6	0
0	0
8	0
280	1
2	0
46	1
79	0
0	0
902	1
64	0
109	0
74	6
5	0
0	0
298	0
31	0
116	0
0	0
7	0
106	0
145	3
73	1
76	0
65	1
1	0
1909	0
0	0
874	0
3	0
0	0
228	0
1378	31
1	0
150	0
62	2
3	0
73	0
52	0
121	2
122	0
105	7
221	0
131	0
78	0
7	0
0	0
0	0
1	0
1	0
669	1
6	0
90	0
6	0
154	1
88	0
5	0
223	3
86	8
125	0
4	2
396	0
76	0
134	0
4	0
5	0
2	0
83	0
9	0
123	3
337	0
0	0
0	0
169	2
7	0
359	0
344	0
115	0
0	0
129	0
216	0
1	0
69	3
3	0
88	0
294	0
5	0
4	0
64	0
0	0
2	0
17	0
83	0
430	11
19	4
2	0
2	0
8	0
0	0
96	0
118	0
0	0
5	0
3	0
2	2
102	0
74	0
0	0
81	0
5	0
1	0
0	0
268	41
0	0
319	0
50	0
55	0
60	2
381	0
181	1
198	0
26	3
169	0
0	0
4	0
471	1
36	0
7	0
379	0
8	0
0	0
51	0
148	9
9	0
0	0
177	1
4	0
0	0
41	14
79	0
173	0
147	0
3	0
144	0
9	1
254	0
17	0
9	0
3	0
21	0
1	0
82	0
52	1
7	0
1	0
872	0
56	3
0	0
297	0
0	0
1	0
2	0
79	0
11	0
154	0
424	0
17	1
79	2
270	1
95	0
3	0
289	0
115	0
1	0
68	0
2	0
2	0
0	0
137	0
1181	61
24	0
0	0
0	0
1	0
85	0
50	0
1712	15
126	0
125	0
8	0
86	0
47	0
0	0
0	0
1012	0
2	0
177	3
1	0
31	0
1	0
15	0
1351	107
1	0
9	0
0	0
138	0
9	0
29	0
0	0
0	0
3	0
635	15
107	0
0	0
131	0
70	0
332	0
0	0
8	1
369	0
338	3
83	0
228	13
0	0
11	0
24	0
9	0
0	0
1	0
108	0
0	0
288	1
14	0
12	0
97	0
0	0
0	0
180	0
0	0
129	0
142	0
674	10
94	0
269	0
14	5
215	0
466	12
0	0
5	0
163	0
15	9
10	0
2	0
80	34
152	0
242	12
153	0
4	0
85	1
48	1
2	0
1042	9
206	8
0	0
132	0
108	0
0	0
112	0
98	0
231	0
6	0
368	0
65	0
81	0
0	0
258	0
1	0
6	0
2	0
2	0
0	0
0	0
2	0
2	0
23	0
138	0
150	0
1	0
1	1
6	0
45	1
2	0
0	0
71	0
31	0
3	0
313	0
134	0
123	1
1	0
14	0
38	0
0	0
0	0
1	0
13	0
0	0
220	0
292	0
4	1
106	1
99	0
33	0
23	0
367	0
112	0
78	0
0	0
612	5
845	0
58854	1372
219	0
197	2
117	0
85	1
1004	0
308	7
585	34
60	2
125	0
91	0
5	0
118	0
1	0
0	0
230	0
66	0
21	0
2	0
80	0
7	0
8	0
1399	2
70	0
0	0
1	0
2	0
187	0
1663	1
32	0
121	0
8	0
48	0
1	0
129	5
126	0
75	0
44	0
3	0
216	0
4	0
2	0
125	0
79	0
0	0
22	0
0	0
0	0
104	0
61	0
36	0
1317	30
67	1
80	0
333	11
9111	2
135	1
4	0
376	0
3	0
434	0
1	0
2	0
0	0
151	0
0	0
613	0
59	0
2	0
1	0
65	0
1	0
2	0
65	0
115	0
43	0
119	0
2	0
43	0
91	1
83	0
56	0
35	0
2	0
488	12
145	2
4	0
182	1
89	0
0	0
1	0
21	0
0	0
0	0
303	11
60	0
74	0
149	2
0	0
0	0
66	0
21	0
10	0
67	0
36	0
101	0
3	0
1	0
6	38
13	0
4	0
93	0
0	0
9	0
87	1
35	3
98	0
24	0
505	2
177	0
12	0
124	4
75	0
138	0
88	0
58	0
1	0
95	0
211	0
0	0
54	0
114	0
14948	7
1	0
89	0
109	0
4	2
5	0
0	0
1	0
265	0
134	0
29	6
137	0
54	0
10	3
315	13
12	0
112	0
51	0
6	0
391	1
26	0
77	0
18	4
0	0
72	0
1	0
57	0
2	0
0	0
86	0
92	0
0	0
84	0
120	0
1042	0
112	0
2	0
95	3
67	0
8	3
1	0
0	0
64	0
0	0
15	0
8	0
87	0
60	0
70	2
5	0
257	0
107	0
0	0
100	3
6	0
6877	667
3	0
0	0
9	0
162	0
79	2
70	0
0	0
179	0
186	4
78	0
93	0
113	0
76	0
4	0
1	0
0	0
1	0
5	0
263	3
2	0
46	1
123	0
0	0
13	0
16	0
93	6
0	0
311	0
214	0
1	0
14	0
67	1
5	0
8	0
67	0
2	0
5	0
86	0
248	31
7	0
0	0
2	0
206	2
61	0
88	0
289	30
1226	1
0	0
5	0
12	1
252	0
0	0
70	0
0	0
61	0
97	0
28	11
8	0
102	0
0	0
147	0
217	0
10	0
13	0
30	3
87	0
1042	1
28	0
118	1
8	0
291	0
4	0
0	0
0	0
133	0
58	0
48	0
0	0
259	0
12	0
1	0
0	0
62	1
86	0
25	0
678	0
75	0
2	0
1	0
1	0
36	0
135	0
14	0
0	0
56	0
71	10
43	1
50	0
0	0
56	2
81	0
5	0
0	1
8	0
102	0
1	2
0	0
10	0
189	8
4	0
2	1
1838	0
106	0
32	0
139	0
6	0
54	0
7	0
0	0
69	0
0	0
13	0
89	0
15	0
1	0
663	1
0	0
6	0
9	0
0	0
0	0
135	1
225	0
7	3
346	1
866	1
83	1
64	0
59	0
138	1
108	0
8	0
137	0
0	0
85	0
4	0
90	0
528	7
0	0
82	1
64	2
8	0
3	0
4	0
156	1
264	3
14	0
257	15
3	0
133	0
11	0
249	40
448	0
707	46
4	0
8	0
0	0
0	0
67	0
54	0
94	1
82	0
3	0
84	0
1441	2
8	0
85	1
9	0
18	0
0	0
3	3
43	4
144	0
8	0
0	0
3	0
558	4
71	1
49	0
0	0
0	0
0	0
3	0
7	0
43	0
92	0
53	0
656	9
262	13
224	1
67	0
0	0
119	0
0	0
4	0
1	0
126	4
1003	2
143	0
0	0
146	2
0	0
39	1
0	0
0	0
1	0
0	0
2	0
179	7
1870	0
4	0
0	0
20	0
111	1
137	2
34	1
1	0
53	0
19819	8
124	3
0	0
290	15
72	0
13	3
75	0
1	0
2	0
82	0
185	2
174	0
182	0
169	0
2	0
1	0
14	1
60	0
5	0
0	0
81	1
5237	364
374	0
15	0
6	0
0	0
171	5
2	0
2	0
25	0
0	0
0	0
60	0
180	0
0	0
274	7
69	0
94	0
296	29
1	0
9	0
0	0
22	0
683	1
194	12
76	0
0	0
60	5
1	0
1	0
12	0
171	0
19	0
103	0
0	0
22	0
196	0
60	0
0	0
5	1
5	0
0	0
0	0
0	0
76	0
53	0
2	0
1	0
3	0
76	0
117	0
72	0
72	0
9	0
0	0
440	0
75	2
1	0
119	4
5	0
0	0
20	2
0	0
4	0
71	0
0	0
32	1
52	0
92	0
63	0
1427	3
646	37
79	0
56	0
141	2
80	0
1	0
324	0
67	0
121	0
100	2
0	0
0	0
439	1
2	0
10	2
0	0
4	0
0	0
75	1
7	0
0	0
168	0
53	0
103	1
2	0
0	0
1	0
93	0
10	0
164	0
57	1
154	0
404	1
188	0
21	0
1	0
85	0
99	0
0	0
817	70
8	0
255	3
72	0
0	0
52	0
65	0
8	0
5	0
89	3
1	0
63	0
193	16
10	0
2	1
7	0
80	1
60	5
0	0
55	0
21	0
0	0
99	0
119	0
73	0
286	0
1	0
0	0
92	0
0	0
68	0
0	0
0	0
0	0
4	0
1	0
3	2
91	0
674	0
82	0
1	0
59	0
0	0
89	12
24	0
39	0
48	1
0	0
8	1
65	0
8	0
3	0
95	0
90	1
0	0
2	0
78	0
905	7
133	3
1	0
0	0
0	0
53	0
13	0
515	26
228	1
1	0
232	0
29	0
0	0
14	0
22	0
102	15
3	0
3	0
136	2
55	2
63	0
1	0
38	1
62	0
3	0
4	0
0	0
50	0
3	0
0	4
272	14
38	0
163	0
0	0
60	0
56	0
0	0
0	0
6	0
66	0
156	0
31	0
0	1
33	0
1	0
84	0
24	0
28	0
0	0
23	0
4	2
0	1
0	0
39	0
2	0
206	0
74	0
205	0
35	0
0	0
32	0
68	0
39	0
0	0
108	0
5	0
1	0
0	0
78	0
113	0
119	0
78	3
49	0
59	0
75	0
252	13
7	0
5	0
126	0
1	0
3	0
79	0
1	0
2	2
0	0
86	0
104	0
312	0
84	0
43	0
178	0
0	0
0	0
3	0
16	0
1	0
0	0
29	0
2	0
0	0
58	0
63	0
9	1
17	2
69	0
0	0
1	0
6	1
7	1
62	0
75	0
45	0
2	0
1	0
1	0
2	0
216	6
32	0
155	1
0	0
728	2
81	0
1	0
0	0
0	0
212	2
26	0
5	0
35	0
87	0
64	1
91	1
3	0
0	0
17	0
77	7
517	2
65	0
26	0
8	1
8	0
7	0
174	0
55	0
3	0
5	0
53	1
20	0
47	1
0	0
119	2
74	0
1	0
34	0
59	0
0	0
71	2
0	0
0	0
94	2
55	4
40	0
2	0
63	0
6	0
43	1
48	0
0	0
64	0
85	0
0	0
58	0
3	0
123	0
7	0
87	0
0	0
282	0
13	0
10	0
0	0
63	0
0	0
6	0
52	1
1	1
0	0
11	48
1	0
63	0
0	0
8	0
0	0
1	0
2	0
2	0
0	0
4	2
1	0
0	0
12	4
4	0
33	0
80	0
79	1
10	0
65	0
74	0
3	0
44	0
81	0
30	0
59	0
0	0
111	5
77	0
71	9
55	0
49	4
82	0
16	0
89	4
191	0
58	1
0	0
6	0
2	0
3	0
7	0
0	0
106	0
35	0
5	0
2	0
975	1
0	0
68	12
139	0
29	0
2	0
36	0
147	10
62	0
100	1
77	0
77	0
4	0
62	0
4	0
120	0
48	3
13	0
0	0
1	0
0	0
0	0
5	0
0	0
2	0
17	0
1	0
50	1
66	0
50	0
57	0
55	0
137	0
3	0
45	0
0	0
64	0
0	0
83	0
0	0
62	0
129	0
50	0
130	2
1	0
0	0
4	0
0	0
93	1
140	0
77	0
140	0
0	0
62	3
39	1
0	0
51	0
58	0
2	0
143	0
7	0
0	0
59	4
0	0
73	3
42	0
376	10
60	0
1	0
2	0
3	0
1	0
125	0
2	1
0	0
1	0
59	0
105	0
49	0
9	0
0	0
1	0
348	63
36	15
3	0
467	0
58	0
71	0
3	0
115	6
69	0
134	0
176	0
1	0
0	0
84	12
97	1
1	0
92	2
52	0
0	0
52	1
111	0
271	0
567	0
30	0
6	0
98	0
15	1
0	0
13	0
32	0
50	0
3	0
520	1
0	0
11	0
24	0
20	0
48	0
0	0
19	0
49	0
83	0
1	0
50	0
48	0
2	0
0	0
112	2
11	0
115	1
0	0
54	0
2	0
13	0
28	0
110	0
7	0
1	0
607	33
2	0
5	0
64	0
9	0
1	0
8	0
0	0
68	0
121	11
1	0
154	1
423	31
69	0
0	0
265	0
0	0
7	0
247	0
94	0
70	0
121	33
67	1
80	1
21	3
1	0
1	1
1516	52
0	0
0	0
76	0
91	0
73	0
3	0
0	0
0	0
0	0
0	0
60	0
13	0
79	0
59	0
3	0
32	0
34	0
31	0
40	1
74	0
93	0
68	0
4	0
50	1
45	0
2	0
1	0
63	0
8	0
0	0
32	2
53	0
1	0
76	0
6	0
45	0
205	0
81	1
55	0
0	0
136	3
1	0
45	0
146	0
6	0
68	0
254	0
1	0
104	0
73	0
1	0
65	1
0	0
16	0
56	0
1	0
43	0
12	0
0	0
157	4
3	1
11	0
0	0
78	0
0	0
0	0
82	0
0	0
13	0
128	0
0	0
135	0
74	0
63	0
0	0
19	0
6	0
58	0
2	0
1	0
3	0
8	0
66	1
57	0
0	0
0	0
73	2
0	0
0	0
428	69
0	0
71	0
51	0
0	0
58	0
82	1
0	0
39	0
53	0
1	0
85	0
4	0
139	0
2	0
61	1
150	0
0	0
57	0
34	0
55	0
1	0
53	0
39	4
83	11
72	1
119	0
3	0
114	6
8	0
13	0
55	0
62	0
112	0
58	0
1	0
85	0
66	0
10	0
51	0
78	0
65	0
36	2
361	0
50	0
2	0
0	0
2	0
0	0
91	0
26	0
76	2
0	0
75	0
20	0
0	0
1	0
1	0
180	0
212	0
7	0
80	3
83	2
33	0
38	0
70	0
69	2
0	0
65	0
42	1
105	0
95	0
74	0
75	1
0	0
53	1
41	0
78	1
66	1
62	0
0	0
47	0
42	0
1	0
0	0
0	0
1	0
15	0
81	0
0	0
52	0
3	0
1	0
47	0
43	3
37	0
49	0
85	1
1	0
9	3
0	0
208	1
80	0
43	2
84	0
67	1
0	0
1	0
0	0
56	3
40	0
60	0
60	0
0	0
3	0
67	0
34	0
50	0
2	0
114	0
0	0
4	0
105	0
11	0
0	0
52	0
88	0
1	0
0	0
6	0
7	0
52	2
123	2
51	0
15	2
105	0
23	0
68	0
94	0
0	0
49	0
38	0
55	0
4	0
2	0
52	0
0	0
26	0
0	0
47	0
101	0
4	0
234	1
131	0
94	0
51	0
0	0
48	9
66	1
72	0
1	0
9	0
71	0
0	0
1	0
49	0
0	0
4	0
64	0
0	0
73	0
381	1
8	0
68	1
0	0
383	6
66	0
80	0
7	0
89	0
0	0
45	13
32	0
9	0
38	0
1	0
109	0
0	0
60	0
565	201
7	0
40	0
0	0
5	0
0	0
0	0
49	3
0	0
26	0
167	0
0	0
0	0
1	0
106	0
2	0
161	11
39	0
114	0
1	0
46	0
62	0
58	0
179	0
1	0
475	43
0	0
45	0
0	0
5	1
58	0
0	0
35	0
0	0
2	0
67266	2301
52	0
3	0
91	15
50	3
0	0
0	0
67	0
0	0
43	4
58	0
0	0
47	0
0	0
1	0
72	0
95	0
69	0
91	8
0	0
0	0
46	0
0	0
155	7
44	0
4	0
0	0
42	1
5	0
29	0
8	0
34	0
0	0
37	1
0	0
0	0
187	0
51	0
54	0
77	5
0	0
0	0
2	1
32	0
102	3
49	65
10	0
38	0
0	0
71	2
2	3
129	29
0	0
21	0
2	0
4	0
0	0
61	0
23	1
7	0
298	7
2	0
187	14
48	3
10	0
6	0
0	0
108	0
68	4
180	0
84	0
0	0
51	3
46	4
0	0
49	0
0	0
49	0
40	0
0	0
33	0
15	0
0	0
0	0
53	8
1	0
870	12
7	5
1	0
1015	1
68	11
3	0
0	0
67	1
43	0
55	0
1	0
55	0
0	0
0	0
86	1
4	0
0	0
38	0
828	14
46	0
92	0
2	0
31	0
0	0
0	0
65	0
114	0
46	0
44	0
41	0
1	0
122	0
190	0
36	0
59	0
161	0
37	0
0	0
0	0
0	0
39	0
0	0
1	0
44	0
3	0
0	0
50	0
15	0
8	0
144	0
40	0
0	0
0	0
1	0
48	2
33	0
25	0
75	1
41	0
0	0
54	0
47	4
0	0
56	0
50	0
35	0
0	0
32	0
45	0
0	0
1	0
1	0
61	0
11	0
0	0
0	0
38	1
40	3
0	2
55	0
50	5
54	8
59	0
123	0
0	0
2	0
3	0
3	0
1	0
0	0
49	0
13	0
0	0
152	0
0	0
3	0
1	0
50	0
0	0
147	2
0	0
381	17
0	0
50	0
43	0
37	0
89	0
44	0
16	1
57	0
65	0
25	0
49	5
122	44
1	0
40	0
0	0
45	0
0	0
0	0
3	1
10	0
7	0
11	0
0	0
0	0
1	0
3	0
3	0
56	3
1	0
60	2
16	0
4	0
2	0
46	0
1	0
80	0
52	0
51	0
0	0
19	0
23	0
54	0
2	0
57	0
0	0
1	0
0	0
46	0
53	0
0	0
50	0
0	0
46	0
13	0
55	1
738	1
97	0
91	0
113	0
42	0
7	0
47	0
5	0
51	0
2	0
1	0
53	1
1	0
0	0
70	6
78	0
53	0
32	0
25	0
1	0
35	0
28	1
0	0
672	0
40	0
65	0
0	0
4	0
50	0
22	0
84	0
73	0
58	0
54	0
0	0
0	0
42	0
38	0
11	0
236	1
61	0
12	0
91	70
49	0
0	0
0	0
29	0
0	0
0	0
2	0
17	2
0	0
3	0
47	0
52	0
0	0
19	0
3	0
5	0
50	0
145	0
4	0
56	0
79	3
1	0
81	0
38	0
44	1
53	1
0	0
5	0
66	0
0	0
0	0
0	0
0	0
0	0
119	9
837	0
9	0
0	0
0	0
50	0
25	0
73	0
41	0
0	0
41	2
46	0
4	0
65	2
45	2
23	0
0	0
1	0
0	0
0	0
0	0
0	0
83	0
104	0
45	0
135	1
0	0
49	0
0	0
0	0
83	7
44	1
38	0
5	0
7	0
92	0
2	0
1	0
101	4
2	0
24	0
2	0
18	0
28	0
74	1
645	59
0	0
11	0
0	0
0	0
2	0
38	1
0	0
59	0
0	0
68	0
1	0
43	0
1365	1
30	0
0	0
1	0
0	0
107	0
28	0
0	0
0	0
0	0
57	1
26	0
53	0
0	0
0	0
1	0
32	2
60	0
21	0
68	0
70	11
40	0
256	0
368	48
19	0
86	0
38	0
51	0
44	0
0	0
0	0
592	56
0	0
5	0
0	0
0	0
3	0
25	1
0	0
39	0
0	0
45	0
0	0
0	0
0	0
0	0
6	0
3	0
182	0
51	1
38	0
0	0
6	0
41	0
7	0
0	0
36	0
21	6
0	0
96	0
68	1
0	0
1	0
151	13
0	0
0	0
73	0
70	0
0	0
0	0
32	0
0	0
60	0
111	0
144	0
34	0
29	0
48	1
50	0
52	0
48	0
46	0
0	0
64	1
51	0
7	0
6	0
58	0
50	0
0	0
34	1
38	0
36	0
29	0
1	0
2	0
2	0
0	0
3	0
0	0
30	0
33	0
22	1
11	0
21	8
21	8
58	0
0	0
0	0
18	0
68	0
50	0
53	0
66	2
0	0
0	0
27	0
0	0
58	0
25	0
1	0
27	0
0	0
50	4
91	31
54	0
0	0
35	0
49	0
0	0
43	0
64	0
58	0
0	0
0	0
56	0
0	0
49	0
8	1
54	0
2	0
48	1
0	0
0	0
0	0
0	0
71	0
0	0
16	0
26	0
63	2
27	0
64	0
16	0
1	0
0	0
18	0
6	0
5	0
0	0
34	0
57	0
43	0
0	0
25	0
0	0
0	0
43	0
15	0
43	1
0	0
37	0
40	4
16	0
0	0
1	0
50	0
69	0
25	0
17	0
29	0
26	4
35	1
0	0
0	0
9	0
23	0
35	0
49	0
22	0
72	0
41	0
121	0
1	0
2	0
1	0
3	0
40	1
49	0
11	0
0	0
65	9
16	0
5	0
0	0
63	0
7	0
52	0
48	0
35	0
63	0
0	0
0	0
138	0
2	5
32	0
66	1
46	0
0	0
0	0
58	0
1	0
47	0
33	0
105	0
0	0
44	1
32	0
38	0
68	0
210	0
0	0
1	0
4	0
0	0
0	0
4	0
0	0
33	0
0	0
121	11
12	1
2	0
98	0
41	1
17	0
0	0
0	0
58	0
5	0
59	9
94	0
6	1
41	0
1	0
32	0
13	0
3	1
45	0
0	0
65	1
0	0
0	0
0	0
26	0
2	0
0	0
24	0
0	0
38	0
3	0
0	0
899	1
0	0
226	0
45	0
0	0
65	7
0	0
28	1
0	0
29	0
58	1
61	8
1	0
1	0
0	0
3	0
0	0
0	0
55	13
43	0
55	0
0	0
47	0
28	0
21	0
8	0
43474	1449
0	0
68	0
0	0
83	0
36	0
27	0
0	0
0	0
52	0
0	0
28	0
1	0
0	0
49	0
63	0
1	0
31	0
7	0
58	4
0	0
46	0
52	0
0	0
3	0
0	0
48	0
101	0
35	2
12	0
39	0
31	0
55	0
14	0
68	1
51	0
47	1
79	4
31	0
59	0
3	0
0	0
3	0
39	0
35	0
4	0
3	0
6	0
10	0
5	0
0	0
1	0
1	0
28	0
9	0
1	0
41	0
50	0
46	0
33	0
0	0
0	0
31	0
79	0
0	0
48	0
35	0
36	0
44	3
17	0
33	0
0	0
49	2
121	0
78	2
50	2
8	0
0	0
66	0
2	0
74	7
3	0
27	0
49	0
15	0
1	0
103	12
12	0
0	0
96	4
0	0
6	0
28	1
2	0
23	0
35	0
0	0
0	0
0	0
31	1
2	0
0	0
4	0
37	0
0	0
19	1
68	0
56	0
0	0
2	0
132	0
0	0
28	6
588	38
2	0
0	0
35	0
8	0
25	1
91	1
30	0
34	0
33	0
1	0
32	3
26	0
49	0
2	0
3	0
40	0
41	0
0	0
20	0
0	0
25	0
41	2
40	0
0	0
45	1
2	0
9	0
2	0
24	1
58	0
10	0
0	0
28	0
63	0
34	0
0	0
56	0
17	0
58	0
0	0
37	0
45	0
0	0
8	0
48	0
15	0
0	0
33	0
69	1
0	0
40	0
40	0
0	0
41	3
48	5
67	7
49	0
4	0
24	0
136	35
6	0
0	0
0	0
8	0
2	1
2	1
1	0
40	0
56	2
43	0
40	1
222	2
108	0
0	0
18	0
10	1
31	0
14	0
0	0
0	0
0	0
61	12
0	0
44	6
1	0
30	0
2	0
94	0
39	0
0	0
9	0
45	1
33	0
2	0
28	0
38	1
37	0
2	0
0	0
3	0
0	0
4	0
4	0
46	0
11	0
6	0
0	0
0	0
23	6
22	0
26	0
0	0
26	0
3	0
30	1
2	0
0	0
36	0
0	0
1	0
47	0
0	0
29	0
4	0
45	0
12	0
29	0
9	0
32	2
21	0
0	0
15	0
0	0
40	0
0	0
27	0
53	2
0	0
29	0
55	0
63	0
17	0
40	0
30	0
62	0
0	0
0	0
28	1
2	0
30	0
2	0
15	0
0	0
35	0
66	0
2	0
1	0
5	7
35	0
28	0
6	0
2	0
40	0
1	0
23	0
7	0
25	0
38	2
4	0
35	0
44	0
0	0
19	0
36	0
0	0
11	0
67	1
2	0
4	0
21	0
3	1
0	0
0	0
13	0
0	0
0	0
702	265
0	0
2	0
24	0
36	0
19	0
28	0
1	0
35	1
31	0
22	0
21	4
6	3
61	12
825	1
0	0
45	0
0	0
0	0
11	0
53	2
21	0
194	0
0	0
3	0
0	0
19	0
19	0
2	0
5	0
7	0
38	0
9	0
18	0
18	0
1	0
29	0
0	0
71	0
1	0
396	0
30	2
2	0
32	0
87	0
60	1
28	0
5	0
2	0
0	0
0	0
41	0
20	0
0	0
37	0
41	0
8636	5
1	0
1	0
31	2
39	3
0	0
1	0
3	0
42	0
0	0
25	0
0	0
13	0
31	1
0	0
31	3
33	2
0	0
44	0
0	0
0	0
56	0
92	0
31	0
121	0
41	2
95	0
35	0
0	0
4	0
33	3
7	0
28	0
38	0
39	0
46	0
12	0
0	0
21	1
33	0
0	0
50	0
3	0
1	0
0	0
0	0
44	0
38	0
0	0
0	0
0	0
8	0
25	3
2	0
2	0
6	0
29	1
32	0
0	0
44	0
796	33
39	0
32	0
41	0
1	0
0	0
0	0
42	0
17	0
11	0
14	0
61	0
53	0
0	0
18	1
79	1
1	0
134	0
0	0
0	0
3	0
23	0
33	0
125	0
2	0
70	0
54	0
0	0
20	0
3	0
0	0
50	2
0	0
48	0
0	0
65	0
0	0
24	0
0	0
46	0
5	0
0	0
2	0
0	0
11	0
40	0
0	0
33	0
41	0
9	0
25	0
28	0
1	0
3	0
31	0
32	2
1	0
7	0
46	0
10	1
17	0
14	0
4	1
35	0
41	2
26	0
3	0
54	0
12	0
42	0
0	0
23	20
3	0
38	1
0	0
26	0
52	0
30	0
34	0
0	0
35	0
0	0
0	0
0	0
32	0
16	0
22	0
25	0
1	0
19	0
29	1
0	0
0	0
18	0
69	14
22	0
1	0
0	0
0	0
13	0
0	0
0	0
0	0
77	1
47	6
40	0
43	0
120	15
3	0
0	0
25	0
0	0
20	0
24	0
0	0
1	0
6	0
11	0
70	0
41	0
0	0
0	0
4	0
45	0
27	0
15	0
0	0
29	0
15	0
28	0
2	0
34	13
35	0
3	0
3	0
4	0
0	0
38	0
0	0
6	1
12	0
1	0
59	1
40	0
146	19
68	0
0	0
0	0
55	0
0	0
0	0
29	0
0	0
36	0
59	0
42	0
51	0
468	46
101	3
0	0
19	0
13	0
3	0
0	0
0	0
1	0
836	0
41	0
0	0
0	0
587	65
19	2
10	0
0	0
0	0
0	0
47	0
38	0
0	0
19	1
25	0
7	0
0	0
9	0
0	0
74	0
0	0
0	0
0	0
0	0
24	0
67	0
34	3
34	2
38	1
0	0
0	0
36	0
22	0
8	0
5	0
34	0
24	0
0	0
35	0
0	0
37	1
25	0
44	0
3	0
75	7
19	0
94	0
23	0
1	0
2	0
20	0
0	0
0	0
0	0
27	1
53	0
1	0
31	0
1	0
20	0
0	0
26	0
3	0
2	0
43	0
29	11
0	0
17	0
33	0
46	2
0	0
141	0
32	0
0	0
0	0
0	0
34	0
0	0
0	0
27	0
16	0
28	0
6	0
23	0
3	1
66	0
51	0
3	0
0	0
7	0
22	0
10	0
0	0
0	0
0	0
383	2
34	0
19	0
0	0
32	1
2	0
20	0
36	0
47	2
29	0
5	0
0	0
52	0
28	0
2	0
0	0
371	67
2	0
0	0
28	0
62	0
0	0
3	0
0	0
29	12
23	0
0	0
0	0
84	0
35	1
52	1
10	0
38	0
1	0
1	0
0	0
0	0
3	0
31	0
27	0
0	0
25	0
0	0
18	0
0	0
2	0
38	0
1	0
0	0
0	0
8	0
27	1
113	12
0	0
29	0
0	0
43	0
0	0
26	0
0	0
50	0
3	0
44	5
40	0
5	0
0	0
29	1
3	0
1	0
0	0
33	2
11	0
1	0
28	0
2	0
23	0
39	2
1	0
0	0
28	1
121	17
25	0
22	0
0	0
16	1
48	0
35	0
0	0
0	0
5	0
0	0
0	0
23	0
24	0
1	0
30	0
174	0
3	1
33	0
26	0
39	0
31	0
0	0
0	0
37	5
0	0
78	0
54	0
23	0
0	0
2	0
69	0
17	0
12	0
3	1
27	0
55	11
51	0
0	0
13	0
0	0
13	0
0	0
5	0
0	0
0	0
28	1
1	0
34	0
195	41
22	0
39	0
29	1
1	0
124	27
44	0
0	0
33	3
1	0
21	0
233	23
23	1
6	0
17	0
36	0
32	0
62	0
52	3
43	1
0	0
4	0
0	0
0	0
26	0
33	6
58	0
0	0
24	0
14	0
31	0
48	0
0	0
0	0
2	0
31	0
0	0
169	0
18	0
39	0
2	0
0	0
0	0
30	3
46	0
14	1
4	0
0	0
0	0
0	0
33	0
5	0
29	0
0	0
34	0
3	0
1	0
1	0
0	0
28	0
25	0
0	0
6	1
33	0
17	0
35	0
51	0
39	2
3	0
10	0
0	0
2	0
74	0
0	0
41	0
0	0
0	0
0	0
32	0
27	0
28	0
38	0
3	0
0	0
0	0
0	0
24	0
47	2
30	0
49	0
42	1
29	0
0	0
0	0
0	0
54	0
31	1
4	0
6	0
1	0
194	19
0	0
15	0
0	0
33	0
23	0
42	0
31	0
15	0
84	8
17	0
2	0
3	0
31	1
27	0
28	0
0	0
34	4
0	0
0	0
1	0
25	0
1	0
43	0
0	0
34	0
35	0
0	0
42	5
0	0
0	0
0	0
11	0
5	0
30	0
0	0
15	1
29	0
0	0
0	0
25	0
22	0
0	0
40	0
43	0
6	0
29	0
0	0
0	0
1	0
37	0
27	0
67	0
11	0
3	0
14	0
43	0
0	0
0	0
31	0
1	0
42	0
12	0
2	0
35	0
31	0
5	0
0	0
0	0
26	1
0	0
44	0
46	2
16	0
19	1
1	0
43	0
19	0
30	0
0	0
0	0
0	0
19	0
2	0
29	0
35	0
41	2
16	0
33	0
20	0
58	3
19	2
2	0
24	0
29	0
0	0
10	0
3	0
221	3
6	0
13	0
24	0
19	0
2	0
1	0
5	0
18	1
3	0
4	0
18	0
29	0
124	6
5	0
21	0
2	0
0	0
0	0
0	0
0	0
36	0
0	0
24	0
33	0
3	0
18	0
37	0
30	4
2	0
26	0
820	34
31	0
35	3
67	0
2	0
23	0
34	1
25	0
0	0
6	0
51	0
0	0
0	0
0	0
34	0
29	0
4	0
23	0
35	1
41	0
78	0
0	0
25	0
34	0
36	0
32	0
33	0
32	1
0	0
27	13
0	0
27	0
0	0
0	0
22	0
33	19
41	0
0	0
37	0
0	0
12	0
0	0
35	0
15	0
36	0
0	0
0	0
25	0
0	0
28	1
1	0
22	0
25	0
0	0
3	0
3	0
21	0
18710	1421
34	0
1	0
0	0
0	0
0	0
13	0
0	0
1	0
3	0
5	0
11	0
5	0
10	0
34	0
39	0
0	0
0	0
0	0
52	0
0	0
0	0
11	0
27	0
22	0
9	0
32	0
5	0
0	0
42	0
26	0
18	0
2	0
36	1
25	2
29	0
0	0
1	0
0	0
0	0
3	0
2	0
32	0
52	0
7	3
44	7
30	0
3	0
1	0
3	0
0	0
45	0
1	0
40	0
2	0
5	0
29	1
21	0
40	1
34	0
36	0
15	0
42	1
2	0
6	0
10	0
0	0
2	0
33	5
24	0
0	0
0	0
20	0
0	0
38	0
1	0
34	0
0	0
48	3
24	0
14	3
0	0
23	0
0	0
0	1
27	0
27	0
0	0
127	4
6	0
3	0
25	0
0	0
0	0
23	0
113	42
10	0
0	0
18	1
30	0
42	1
0	0
28	0
24	0
25	0
0	0
14	0
0	0
0	0
1	0
9	5
31	0
1	0
29	0
0	0
22	2
47	9
4	0
53	1
0	0
0	0
0	0
28	1
9	0
0	0
26	0
26	0
0	0
31	0
0	0
42	0
6	0
0	0
1	0
24	0
34	0
1	0
36	0
19	0
5	7
1	2
2	0
20	0
30	0
148	23
266	46
0	0
31	0
6	0
19	0
34	0
0	0
1	0
1	0
27	0
30	0
0	0
21	0
0	0
29	0
0	0
0	0
12	0
47	13
7	0
2	0
18	0
59	29
7	0
0	0
29	0
8	0
40	3
19	0
37	2
0	0
11	0
0	0
13	0
33	2
105	6
3	0
38	0
0	0
0	0
0	0
11	0
0	0
1	0
35	1
19	0
19	1
29	0
5	0
20	0
22	0
4	0
34	0
3	0
2	0
51	0
19	0
0	0
30	0
9	0
11	0
26	0
0	0
42	0
181	63
30	1
23	0
39	3
0	0
31	0
0	0
0	0
0	0
2	0
1	0
0	0
24	0
5702	18
909	60
103	0
39	0
0	0
5	0
5	0
0	0
26	0
39	0
44	0
0	0
22	0
1	0
0	0
3	0
0	0
20	0
0	0
22	0
8	0
4	0
0	0
21	0
31	0
36	0
162	55
13	0
12	0
1	0
0	0
27	0
1	0
22	0
30	0
0	0
0	0
23	2
3	0
0	0
0	0
20	0
33	0
56	2
13	0
29	0
30	0
7	1
0	0
12	0
2	0
0	0
24	0
1	0
17	0
22	0
1	0
0	0
20	0
0	0
15	0
22	0
22	0
0	0
23	0
89	16
17	0
20	0
21	1
0	0
0	0
0	0
33	0
26	11
6	0
2	0
15	2
1	0
0	0
32	1
24	0
49	0
12	1
27	0
78	0
37	0
0	0
5	0
19	0
0	0
14	0
7	0
28	0
35	1
0	0
25	0
24	0
34	0
25	0
2	0
25	0
0	0
29	0
0	0
1	0
32	1
24	1
0	0
2	0
0	0
62	1
3	0
0	0
30	4
0	1
67	0
32	0
34	0
28	0
16	0
18	0
56	7
0	0
6	0
1	0
23	0
18	0
0	0
286	34
385	235
3	0
0	0
20	0
30	0
55	0
25	0
39	1
0	0
49	2
4	0
32	1
37	0
0	0
39	0
23	0
1	0
0	0
0	0
0	0
15	0
0	0
12	0
5	0
2	0
37	1
0	0
0	0
19	0
2	0
21	0
1	0
0	0
0	0
0	0
50	0
54	0
22	0
2	0
0	0
0	0
0	0
19	0
0	0
25	0
33	2
0	0
0	0
3	0
12	0
6	0
0	0
1	0
0	0
22	0
23	1
39	2
2	0
0	0
3	0
0	0
35	4
0	0
1	0
0	0
37	0
2	0
0	0
20	0
22	0
11	0
1276	0
0	0
9	0
0	0
5	0
29	0
0	0
28	0
15	0
0	0
77	17
27	4
33	0
14	0
37	1
9	0
35	0
0	0
2	0
3	0
17	0
0	0
15	0
21	0
0	0
0	0
46	0
0	0
1	0
0	0
20	0
2	0
31	6
31	0
1	0
27	3
19	2
25	6
5	0
24	0
7	0
67	0
25	0
18	0
0	0
18	4
5	0
35	0
0	0
0	0
3	0
33	0
0	0
21	0
43	0
1	0
0	0
0	0
19	0
0	0
0	0
8	0
15	0
0	0
5	0
25	0
25	0
7	0
38	0
36	3
26	0
4	0
13	0
268	0
0	0
17	0
18	0
23	0
0	0
22	0
18	0
33	0
12	0
26	0
25	0
0	0
1	0
24	0
11	0
18	0
13	0
25	0
15	0
14	0
52	0
8	0
8	0
16	0
0	0
33	0
16	0
1	0
23	0
44	0
0	0
5	0
0	0
28	0
0	0
2	0
26	0
4	0
22	1
31	0
30	0
0	0
0	0
19	0
37	0
5	0
12	0
29	0
0	0
45	0
100	0
197	32
16	0
19	0
0	0
16	0
28	0
0	0
0	0
0	0
14	0
36	5
43	0
45	2
98	0
17	0
0	0
14	0
0	0
0	0
0	0
1	0
0	0
24	4
0	0
22	0
2	0
21	2
1	0
27	0
0	0
0	0
29	1
3	0
4	0
5	0
49	0
18	2
28	0
26	0
0	0
34	3
18	0
1610	0
4	0
20	0
4	0
1	0
0	0
21	0
0	0
32	0
0	0
0	0
1	0
139	0
29	1
0	0
35	0
23	0
20	0
4	0
25	0
27	5
0	0
0	0
0	0
16	0
28	1
38	2
94	43
20	0
24	3
16	0
0	0
1	0
35723	2285
18	0
2	0
0	0
29	0
6	0
0	0
33	0
0	0
27	0
0	0
0	0
17	0
31	0
16	1
0	0
1	0
22	6
15	0
4	0
15	0
0	0
78	0
0	0
3	2
21	0
0	0
16	0
2	0
22	0
18	0
37	1
2	0
35	0
18	2
0	0
13	0
0	0
0	0
1	0
4	0
0	0
0	2
18	0
0	0
22	0
0	0
0	0
32	0
0	0
0	0
416	66
12	3
13	0
4	1
0	0
31	0
5	1
25	0
6	0
46	0
22	0
0	0
0	0
23	0
1	0
12	1
0	0
52	0
86	17
0	0
0	0
14	0
0	0
11	0
0	0
2	0
1	0
12	1
0	0
89	0
25	0
23	0
28	0
15	0
22	0
1	0
14	0
25	2
12	0
14	0
22	0
17	0
19	0
26	0
24	0
31	3
62	5
24	1
22	0
31	10
8	0
36	0
11	0
15	0
23	0
23	0
0	0
30	0
0	0
12	0
0	0
40	0
47	2
9	0
0	0
1	0
12	0
26	1
3	0
0	0
18	1
0	0
0	0
23	2
17	0
47	1
0	0
15	0
0	0
22	3
0	0
29	1
0	0
14	0
0	0
30	0
0	0
3	0
28	0
0	0
1	0
1	0
108	14
0	0
0	0
39	0
0	0
6	0
19	0
11	0
24	0
25	6
10	1
7	1
16	0
25	0
21	0
25	0
1	0
186	31
0	0
12	3
9	0
26	0
1	0
25	0
28	0
20	7
0	0
203	0
31	0
0	0
9	0
4	0
12	0
40	0
56	10
8	1
0	0
20	0
36	0
24	0
52	0
15	0
21	2
18	0
14	0
0	0
0	0
91	9
1	0
0	0
36	2
0	0
31	1
48	2
0	0
14	0
2	0
30	6
1	0
589	1
19	0
0	0
4	0
29	0
2	0
13	0
10	2
0	0
5	0
0	0
3	0
19	0
22	0
0	0
41	6
21	0
0	0
23	0
23	1
31	0
28	0
0	0
15	0
0	0
215	52
0	0
0	0
69	0
12	0
6	1
4	3
13	0
24	0
4	0
22	0
0	0
0	0
31	0
0	0
0	0
36	22
1	0
194	55
28	0
0	0
30	0
0	0
14	0
0	0
1	0
65	11
21	0
43	0
16	0
0	0
0	0
6	2
28	2
6	0
0	0
0	0
47	19
0	0
0	0
22	0
14	0
24	0
3	0
14	0
18	0
1	0
0	0
52	1
36	0
27	0
15	0
25	0
0	0
32	0
0	0
0	0
0	0
1	0
2	0
0	0
4	0
0	0
35	0
20	0
0	0
23	0
0	0
4	2
12	1
0	0
0	0
23	0
11	0
2	0
9	0
30	0
15	0
7	0
0	0
3	0
45	0
0	0
11	0
0	0
0	0
31	1
0	0
0	0
6	0
13	0
23	0
10	0
25	0
12	0
13	1
26	0
12	0
10	0
26	0
9	0
0	0
18	0
30	0
16	2
3	0
11	0
46	17
0	0
0	0
0	0
0	0
0	0
10	8
0	0
18	0
0	0
29	0
24	0
0	0
0	0
17	0
33	0
0	0
18	0
17	0
16	0
14	0
14	0
13	0
2	0
0	0
82	18
16	0
0	0
37	0
0	0
0	0
68	0
16	0
0	0
2	0
3	1
28	0
0	0
20	0
25	0
15	5
28	10
34	0
14	0
0	0
15	0
15	0
25	0
0	0
24	1
1	0
12	0
8	0
6	0
0	0
3	0
1	0
10	0
0	0
22	0
11	0
30	0
23	0
15	0
1	0
9	0
24	0
39	3
0	0
0	0
2	0
1	0
0	0
0	0
14	0
11	0
0	0
22	0
6	1
0	0
15	0
36	0
1	0
33	0
35	9
16	0
23	0
10	0
0	0
0	0
12	0
2	0
36	0
0	0
0	0
21	0
17	0
8	0
24	0
24	11
1	0
0	0
143	0
9	0
14	3
23	0
16	0
5	0
34	0
14	2
0	0
4	1
0	0
3	0
27	0
0	0
0	0
21	0
3	0
2	0
19	1
21	0
0	0
0	0
30	0
2	0
0	0
16	0
12	2
60	12
25	0
20	0
1	0
4	0
25	0
0	0
0	1
3	0
0	0
2	0
4	1
0	0
6	0
27	0
1	0
26	0
43	0
60	26
21	3
0	0
0	0
26	0
1	0
0	0
21	0
17	0
15	0
0	0
34	1
3	0
20	0
12	2
20	0
0	0
1	0
24	0
0	0
1	0
34	0
20	0
60	4
22	0
0	0
19	2
11	0
6	0
13	0
6	0
0	0
20	0
2	0
1	0
16	0
1	0
14	0
0	0
0	0
0	0
15	0
2	0
0	0
2	0
0	0
0	0
1	0
0	0
67	0
5	2
4	0
0	0
0	0
25	0
0	0
22	0
0	0
0	0
19	2
18	0
2	0
20	0
0	0
2	0
0	0
12	0
19	0
0	0
0	0
498	98
17	0
34	0
1	0
8	3
0	0
21	11
32	0
25	0
0	0
1	0
0	0
26	0
9	0
40	0
18	0
18	2
19	0
0	0
23	0
2	0
18	0
0	0
0	0
2	0
19	0
0	0
18	0
22	1
19	0
28	0
1	0
34	7
2	0
20	0
34	0
7	0
14	1
17	0
24	1
24	0
24	0
0	0
0	0
1	0
2	0
0	0
18	0
0	0
0	0
21	0
0	0
21	0
24	0
16	0
32	0
0	0
0	0
0	0
0	0
14	2
1	0
3	0
21	0
12	0
0	0
1	0
14	1
0	0
14	0
2	0
8	0
0	0
14	0
8	0
0	0
10	1
0	0
0	0
0	0
20	0
0	0
13	0
0	0
6	1
11	0
0	0
0	0
0	0
3	0
18	0
35	0
0	0
2	0
24	0
21	0
6	0
17	0
0	0
26	5
25	1
15	0
0	1
1	0
0	0
8	2
6	0
19	0
7	0
0	0
27	0
19	0
11	0
28	1
17	2
16	0
26	0
27	0
27	0
16	0
0	0
29	1
14	1
19	1
16	0
11	1
16	0
24	0
15	0
35	0
2	0
21	0
7	0
0	0
0	0
21	1
14	0
37	14
2	0
19	0
18	0
2	0
1	0
1	0
0	0
33	0
4	0
16	0
8	0
0	0
0	0
22	0
0	0
11	0
12	1
17	10
26	0
19	0
18	0
27	0
0	0
0	0
1	0
0	0
19	0
2	0
33	1
36	5
19	11
42	13
3	0
5	0
0	0
0	0
0	0
21	1
14	4
17	0
10	0
0	0
0	0
16	0
0	0
0	0
0	0
15	0
0	0
18	0
4	0
66	0
7	0
0	0
0	0
41	10
21	0
15	0
20	0
30	4
14	0
0	0
11	0
84	0
0	0
27	0
47	0
5	0
23	0
25	0
19	0
0	0
6	0
17	0
16	0
8	9
27	0
0	0
154	49
1	0
0	0
1	0
0	0
0	0
20	0
11	0
35	0
0	0
5	0
16	0
162	105
1	0
0	0
0	0
16	0
19	0
107	29
15	0
18	2
1	0
26	0
16	0
31	1
0	0
0	0
17	0
22	0
9	0
16	0
24	0
0	0
0	0
8	0
21	0
0	0
4	0
0	0
11	1
45	0
4	0
8	0
14	0
13	0
0	0
0	0
39	4
19	0
0	0
3	0
8	0
0	0
22	0
20	0
0	0
24	0
15	0
20	0
0	0
23	0
82	0
2	0
0	1
46	11
6	0
4	0
0	0
23	0
0	0
0	0
20	15
8	0
1	0
1	0
0	0
19	7
0	0
11	0
27	0
19	1
2	0
0	0
16	0
22	0
0	0
1	0
1	0
26	1
3	0
0	0
14	0
15	0
0	0
21	0
0	0
7	0
17	3
0	0
6	0
36	0
1	0
0	0
0	0
0	1
23	0
5	0
16	0
17	0
0	0
15	0
30	0
2	0
0	0
2	0
1	0
22	0
22	0
9	0
31	0
0	0
7	0
0	0
0	0
0	0
0	0
15	3
7	0
2	2
14	0
17	0
11	0
1	0
12	0
0	0
0	0
2	0
0	0
10	0
72	0
27	0
0	0
24	0
23	0
1	0
17	0
20	0
0	0
17	0
26	2
50	0
383	0
9	1
21	0
15	0
0	0
15	1
0	0
2	0
0	0
0	0
10	0
17	0
0	0
1	0
17	0
16	0
30	0
0	0
0	0
20	0
0	0
20	3
28	0
19	0
13	0
0	0
17	0
23	0
17	0
14	0
12	1
0	0
13	1
2	0
4	0
0	0
2	2
9	0
0	0
16	0
0	0
0	0
24	0
19	10
0	0
1	0
4	0
20	0
10	0
21	0
6	0
36	0
14	0
51	0
22	0
11	0
1	0
68	0
24	0
20	4
1	0
6	0
25	0
0	0
0	0
11	0
13	0
0	0
0	0
21	0
22	0
3	1
1	2
1	0
34	0
24	0
0	0
26	0
12	0
22	0
13	0
24	0
27	0
0	0
2	0
27	0
25	0
14	0
256	0
47	0
0	0
8	0
16	8
9	0
0	0
0	0
17	0
1	2
0	0
20	0
25	0
0	0
12	0
23	0
13	0
3	5
2	0
5	1
0	0
0	1
0	0
0	0
9	0
0	0
0	0
21	1
20	0
26	0
2	0
13	10
3	0
1	0
42	0
20	0
0	0
17	0
19	0
29	0
0	0
24	0
19	0
0	0
13	0
3	0
0	0
1	0
0	0
0	0
14	0
0	0
0	0
21	0
23	0
0	0
5	0
15	0
21	0
30	0
0	0
26	0
14	1
12	5
22	0
43	0
16	0
5	0
0	0
111	3
17	0
1	0
41	2
0	0
14	0
18	1
23	0
0	0
20	0
6	0
10	0
34	0
4	0
0	0
32	0
18	0
0	0
0	0
12	0
1	0
0	0
0	0
0	0
12	0
9	0
0	0
4	0
25	1
16	3
173	155
68	9
170	20
14	0
7	0
0	0
0	0
1	0
0	0
18	0
0	0
0	0
0	0
0	0
17	0
1	0
16	0
17	13
25	0
0	0
23	0
21	0
2	0
22	1
0	0
0	0
0	0
20	0
1	0
0	0
0	0
1	0
0	0
21	0
7	0
14	0
1	0
3	0
2	0
2	0
8	0
0	0
0	0
43	0
33	0
1	0
0	0
4	0
21	0
0	0
23	0
28	5
0	0
11	1
10	0
2	0
1	0
11	0
0	0
0	0
8	0
1	0
24	0
32	0
27	0
0	0
0	0
14	0
0	0
0	0
0	0
17	0
1	0
26	0
15	0
4	0
0	0
212	3
13	0
33	6
19	0
5	0
14	2
0	0
16	1
13	0
5	0
18	0
29	0
0	0
0	0
4	0
13	0
10	0
3	0
0	0
14	0
18	0
0	0
4	0
2	0
0	0
0	0
17	0
0	1
15	0
0	0
12	0
15	0
20	0
0	0
0	0
0	0
19	0
16	0
0	0
15	0
41	11
0	0
19	0
0	0
1	0
34	12
0	0
8	0
2	0
0	0
0	0
8	1
0	0
37	0
4	0
0	0
1	0
0	0
0	0
10	0
16	0
0	0
0	0
10	0
21	0
22	0
2	0
0	0
9	0
11	0
26	3
0	0
24	0
0	0
0	0
15	0
0	0
5	7
14	0
0	0
17	0
12	0
0	0
17	0
14	4
0	0
15	0
0	0
1	0
13	0
9	0
1	0
5	0
20	0
0	0
8	0
10	0
8	0
9	0
7	0
2	0
22	0
16	0
0	0
0	0
119	23
14	0
8	0
5	0
0	0
15	0
13	0
16	0
25	1
38	0
0	0
0	0
1	0
4	0
19	0
29	0
1	0
18	0
0	0
11	0
0	0
0	0
19	0
0	0
0	0
14	0
9	0
12	0
0	0
103	3
0	0
9	0
0	0
0	0
17	0
15	0
5	0
7	0
0	0
15	1
0	0
0	0
6	1
26	0
9	0
19	0
1	0
58	0
0	0
11	0
6	0
12	2
12	0
18	0
0	0
0	0
0	0
19	0
1	0
0	0
40	17
25	0
8	1
0	0
11	3
1	0
2	0
17	7
0	0
0	0
1	0
0	0
17	0
3	0
18	0
0	0
16	0
0	0
18	1
24	0
0	0
0	0
22	0
0	0
17	0
3	1
11	0
0	0
13	0
0	0
3	0
14	0
1	0
0	0
18	0
0	0
1	0
1	0
22	0
14	0
4	0
2	0
7	0
1	0
16	0
25	0
0	0
0	0
18	2
4	0
10	0
8	0
14	0
19	0
11	0
0	0
0	0
0	0
3	3
0	0
12	0
14	2
13	0
0	0
0	0
0	0
10	1
6	0
1	0
0	0
10	0
7	0
5	0
0	0
34	0
11	0
1	0
1	0
10	0
25	0
1	0
0	0
11	0
17	0
11	0
6	0
0	0
7	0
0	0
12	0
1	0
3	0
0	0
10	0
0	0
0	0
9	0
265	100
0	0
22	0
16	1
2	0
0	0
9	0
10	0
5	1
2	0
0	1
18	0
8	0
0	0
13	0
17	0
0	0
15	0
12	0
12	0
8	0
10	0
0	0
0	0
22	10
16	0
8	0
0	0
13	0
2	0
16	0
0	0
0	0
1	0
4	1
1	0
27	0
17	0
0	0
5	0
20	1
0	1
50	1
0	0
2	0
0	0
0	1
0	0
15	0
12	0
20	0
14	0
27	0
0	0
0	0
3	0
0	0
0	0
30	8
0	0
70	0
2	0
0	0
13	0
1	0
10	0
8	0
0	0
8	0
1	0
0	0
29	0
9	0
0	0
0	0
26	0
0	0
13	0
28	4
7	0
8	0
6	0
23	1
39	15
17	0
0	0
0	0
20	0
0	0
0	0
19	0
35	0
20	0
7	0
0	0
17	0
2	0
0	0
5	3
9	0
1	0
24	0
0	0
15	0
9	0
8	0
0	0
1	0
1	0
0	0
0	0
6	0
18	0
0	0
11	0
15	0
6	0
0	0
8	0
0	0
12	2
2	0
19	3
0	0
0	0
3	0
2	0
0	0
7	0
17	3
0	0
24	0
0	0
5	0
0	0
1	0
23	2
11	0
15	0
0	0
0	0
21	0
0	0
3	0
0	0
1	0
0	0
20	0
10	5
39	0
57	1
0	0
3	0
2	1
6	0
0	0
15	0
0	0
0	0
2	0
13	0
0	0
0	0
0	0
19	4
7	0
11	1
20	0
9	0
4	0
0	0
7	0
13418	1585
0	0
20	0
24	0
1	1
0	0
11	0
0	0
11	0
0	0
25	0
18	0
0	0
0	0
14	0
0	0
0	0
6	0
14	0
1	0
0	0
3	0
1	0
1	0
3	0
2	0
3	0
13	0
10	0
16	0
11	0
0	0
0	0
7	0
39	0
1	0
13	0
18	0
37	6
18	12
1	0
13	0
7	0
11	0
19	0
1	0
10	0
0	0
0	0
11	2
13	7
54	1
14	0
0	0
28	16
5	0
103	5
0	0
19	0
0	0
0	0
0	0
7	0
0	0
15	0
0	0
6	3
0	0
0	0
0	0
24	0
15	0
1	0
2	0
19	0
19	0
17	0
11	0
18	0
19	0
0	0
0	0
0	0
1	0
0	0
0	0
0	0
2	0
0	0
0	0
12	2
20	0
2	0
3	0
0	0
12	0
1	0
0	0
9	0
14	0
5	1
9	0
11	0
0	0
0	0
24	0
0	0
2	0
9	0
1	1
20	0
0	0
7	0
0	0
0	0
0	0
0	0
9	9
18	0
1	2
10	0
30	1
11	0
0	0
20	0
4	1
21	0
8	1
0	0
1	0
22	0
9	1
608	155
0	0
14	0
25	0
15	0
7	0
0	0
0	0
15	0
14	0
0	0
0	0
6	0
17	0
15	1
41	14
0	0
17	0
2	1
31	2
0	0
1	0
9	0
46	0
9	0
1	0
15	0
12	0
4	0
0	0
0	0
0	0
0	0
13	0
11	0
1	0
39	0
13	0
23	2
2	0
0	0
18	0
14	0
6	0
0	0
1	0
6	0
7	1
12	0
26	1
0	0
1	0
20	0
0	0
0	0
11	0
10	0
4	0
2	0
0	0
10	0
5	0
13	0
16	0
65	0
13	4
18	0
20	12
1	3
0	0
0	0
37	6
21	3
16	1
2	0
0	0
0	0
0	0
1	0
3	0
10	0
1	0
15	0
17	0
8	2
15	0
11	0
12	0
9	0
6	0
0	0
0	0
12	0
7	0
0	0
16	0
19	0
3	0
0	0
0	0
2	0
13	0
0	0
24	0
8	0
16	0
0	0
15	0
0	0
18	0
0	0
0	0
17	0
43	2
3	0
0	0
8	0
0	0
17	0
0	0
17	0
13	0
13	0
0	0
51	0
0	0
1	1
1	0
6	0
0	0
13	0
11	0
14	0
8	0
12	2
0	0
8	0
15	0
1	0
0	0
3	0
23	0
1	0
18	0
0	0
2	0
0	0
4	0
10	0
13	0
16	0
3	0
0	0
0	0
0	0
0	0
9	0
12	0
16	2
9	0
1	0
22	0
25	1
15	0
14	0
14	0
0	0
0	0
18	0
1	0
1	0
0	0
21	0
2	0
3	0
19	0
12	0
16	0
12	0
27	4
17	0
24	0
0	0
12	0
0	0
0	0
1	0
0	0
26	1
0	0
7	0
9	1
21	2
16	0
21	0
9	0
0	0
15	0
18	2
36	1
15	0
14	0
0	0
1	0
0	1
10	0
1	0
15	0
0	0
0	0
3	0
0	0
0	0
0	0
4	0
13	0
0	0
0	0
24	0
0	0
0	0
19	0
3	0
9	0
33	0
10	1
44	0
0	0
5	0
0	0
4	0
3	0
3	0
5	2
28	1
21	0
1	0
11	0
13	0
10	0
1	0
12	0
0	0
1	1
0	0
17	0
5	0
23	0
20	0
0	0
2	2
19	0
8	0
5	0
27	0
0	0
12	1
0	0
14	0
4	0
4	0
3	0
0	0
0	0
6	0
3	0
15	0
0	0
3	0
5	0
9	0
8	0
12	1
0	0
8	0
1	0
15	1
7	0
0	0
18	5
16	0
0	0
0	0
0	0
4	0
0	0
0	0
3	0
13	3
0	0
8	0
12	0
18	0
6	4
21	0
8	0
8	0
2	0
9	0
15	0
0	0
9	0
25	0
12	0
521	362
21	0
11	1
0	0
0	0
0	0
10	3
8	0
0	0
1	0
13	0
0	0
14	0
7	0
0	0
10	0
0	0
38	13
9	5
27	26
13	0
0	0
27	0
10	0
9	0
10	0
9	6
11	0
1	0
3	0
0	0
18	0
0	0
6	1
0	0
0	0
0	0
13	0
2	0
9	1
0	0
5	0
11	0
9	0
0	0
0	0
15	2
11	0
0	0
15	1
16	0
20	0
0	0
0	0
7	1
8	0
10	0
15	0
0	0
2	0
25	0
17	0
18	0
0	0
0	0
0	0
15	0
0	1
23	0
19	0
13	0
16	0
0	0
0	0
0	0
0	0
0	0
0	0
0	0
16	0
1	0
11	0
19	0
0	0
23	0
8	0
3	0
0	0
7	0
12	2
21	0
10	0
29	2
0	0
1	0
36	11
10	2
10	0
0	0
0	0
7	0
12	1
0	0
0	0
0	0
0	0
9	0
0	0
0	0
0	0
17	2
13	0
20	0
6	2
1	0
0	0
0	0
0	0
15	0
5	0
8	0
3	0
0	0
10	0
0	0
0	0
25	1
0	0
5	0
4	2
1	0
0	0
16	2
0	0
0	0
0	0
23	0
18	0
17	0
16	2
4	0
0	0
9	0
10	0
0	0
20	0
0	0
36	5
15	0
0	0
0	0
0	0
377	22
3	0
0	0
1	0
12	0
10	0
8	0
0	0
14	0
0	0
11	0
9	0
0	0
28	0
0	0
9	0
0	0
6	0
0	0
22	0
13	0
59	0
0	0
10	0
0	0
16	0
0	0
19	0
0	0
0	0
5	0
1	0
69	0
18	1
0	0
1	0
0	0
36	0
0	0
0	0
58	0
0	0
5	0
16	0
0	0
12	0
1	0
0	0
1	0
1	0
0	0
4	0
13	0
0	0
0	0
9	0
13	0
0	0
0	0
0	0
6	2
169	26
0	0
1	0
0	0
0	0
13	1
9	0
10	0
0	0
0	0
0	0
0	0
0	0
0	0
0	0
16	0
2	0
25	0
0	0
0	0
12	1
21	1
7	2
15	1
0	0
10	0
0	0
80	0
10	5
2	0
0	0
10	0
0	0
11	0
12	0
0	0
1	0
9	0
0	0
0	0
3	0
11	0
0	0
2	0
0	0
20	6
17	0
1	0
6	0
7	0
0	0
97	0
0	0
2	0
6	0
0	0
0	0
0	0
7	0
4	0
1	0
14	0
15	0
0	0
10	0
0	0
11	0
3	0
23	2
6	1
0	0
83	0
10	0
0	0
17	0
4	0
12	0
1	0
18	0
14	0
16	0
0	0
1	0
0	0
13	0
11	0
14	0
11	0
0	0
12	0
0	0
13	0
0	0
146	168
3	1
14	1
0	0
7	0
11	0
0	0
1	0
0	0
0	0
13	0
5	0
0	0
10	0
18	0
0	0
2	0
0	3
15	0
16	0
16	0
81	0
2	9
1	0
6	0
10	0
5	2
0	0
0	0
0	0
4	0
6	0
0	0
3	3
3	0
5	0
5	0
3	3
0	0
2	0
15	0
0	0
0	0
20	0
14	1
17	0
0	0
10	0
0	0
2	0
0	0
0	0
11	0
12	1
0	0
13	0
7	0
0	0
0	0
0	0
4	0
0	0
9	2
14	0
8	3
6	0
11	0
3	0
30	0
22	0
7	0
12	0
6	0
0	0
9	0
9	3
6	12
0	0
9	0
2	0
0	0
0	0
11	0
9	0
0	0
7	0
0	0
7	0
22	0
8	1
1	0
0	0
8	0
35	0
22	0
0	0
11	0
14	0
1	0
8	0
3	0
0	0
15	0
1	0
13	0
0	0
1	0
7	1
0	0
0	0
27	0
9	11
0	0
13	0
3	0
1	0
0	0
15	0
14	0
0	0
12	0
20	0
0	4
19	0
17	2
16	20
12	0
16	0
7	0
9	0
11	0
1	0
8	0
0	0
2	0
19	0
17	0
0	0
8	0
17	0
6	0
4	0
10	0
0	0
9	0
16	0
1	0
28	0
0	0
20	0
15	0
10	0
4	2
35	0
1	0
12	0
0	0
17	0
0	0
4	0
13	1
10	9
9	0
2	0
0	0
0	0
0	0
0	0
0	0
0	0
11	0
0	0
18	0
14	2
7	0
1	2
4	0
8	0
12	0
0	0
11	2
0	0
0	0
20	0
0	0
0	0
21	0
21	0
7	0
0	0
16	2
0	0
13	1
0	0
0	0
4	0
0	0
0	0
43	0
28	0
39	10
1	0
18	1
0	0
0	0
14	0
0	0
14	0
9	0
1	0
14	0
5	0
18	0
6	0
0	0
2	0
12	1
5	0
0	0
0	0
14	0
16	0
17	0
1	0
0	0
8	0
13	0
0	0
0	0
0	0
5	0
5	0
16	0
0	0
7	0
0	0
0	0
2	1
0	0
15	0
1	0
0	0
12	0
0	0
1	0
0	0
0	0
0	0
17	0
6	0
9	0
15	0
0	0
13	0
1	0
4	0
0	0
0	0
0	5
15	0
10	0
14	0
1	0
0	0
14	0
5	0
25	0
18	1
8	0
5	0
0	0
6	0
19	0
5	0
0	0
6	0
5	0
9	0
20	0
14	0
14	1
20	0
5	7
17	0
0	0
11	0
1	0
1	0
146	0
7	0
6	0
0	1
1	0
0	0
0	0
23	0
9	0
14	0
1	0
0	0
9	0
1	0
13	0
1	0
0	0
8	0
3	0
21	0
2	0
12	0
12	0
18	0
38	0
45	0
0	0
1	0
2	0
0	0
0	0
0	0
11	0
3	0
0	0
0	0
1	0
0	0
11	9
4	0
1	0
10	0
5	0
4	0
0	0
14	0
1	2
0	0
16	0
10	0
0	0
5	0
0	0
0	0
13	3
8	0
0	0
13	0
0	0
17	0
0	0
11	7
0	0
0	0
50	22
16	0
0	0
10	0
9	0
1	0
0	0
0	0
0	0
9	0
16	0
10	0
13	1
0	0
10	0
0	0
4	4
4	0
12	0
9	0
1	1
10	1
0	0
1	0
0	0
0	0
1	0
13	0
11	2
0	0
0	0
7	0
5	1
2	0
2	1
12	0
6	0
10	0
10	0
1	0
8	0
9	0
0	0
7	0
3	0
12	0
13	0
2	0
6	0
17	1
0	0
15	0
7	0
0	0
0	0
27	3
0	0
0	0
0	0
0	0
0	0
8	0
0	0
0	0
8	0
0	0
0	0
11	0
8	0
3	0
0	0
12	1
1	0
2	0
12	0
0	0
0	0
0	0
18	0
0	0
0	0
0	0
0	0
0	0
0	0
201	2
4	0
22	1
0	0
7	0
0	0
10	0
17	0
11	0
12	0
0	0
13	0
12	0
19	0
0	0
21	0
0	0
10	0
9	0
1	0
0	0
53	56
24	0
6	0
0	0
12	1
6	0
8	0
1	0
16	0
0	0
1	0
0	0
0	0
0	0
0	0
5	0
8	0
2	0
31	31
8	0
1	0
9	0
0	0
17	2
9	0
0	0
1	0
0	0
10	0
11	0
1	0
9	2
5	0
0	0
3	0
13	0
3	0
0	0
9	4
14	1
0	0
13	1
7	0
0	0
12	0
0	0
7	0
17	0
18	0
12	0
18	0
12	0
0	0
0	0
10	0
0	0
16	0
0	0
0	0
5	0
3	0
33	2
0	0
0	0
15	3
0	0
21	0
0	0
15	0
0	0
0	0
7	0
12	0
12	0
21	0
0	0
1	0
0	0
0	0
0	0
11	0
0	0
8	0
17	3
10	0
0	0
16	0
0	0
4	0
7	0
0	0
6	0
12	0
5	0
0	0
0	0
0	0
7	0
20	0
0	0
0	0
11	0
13	0
10	0
20	0
12	0
29	0
0	0
25	0
0	0
3	0
15	0
4	0
3	1
0	0
14	0
11	0
17	0
21	0
5	0
7	1
0	0
3	0
4	0
8	3
0	0
10	0
1	0
0	0
18	0
17	0
0	0
7	0
14	0
3	0
6	1
5	8
1	0
18	0
12	0
0	0
11	0
0	0
10	0
14	0
14	0
12	0
12	0
8	1
13	2
37	0
3	0
10	4
15	0
12	2
17	0
0	0
12	0
0	0
0	0
15	0
0	0
0	0
12	1
18	0
13	2
3	0
23	3
1	0
11	3
0	0
0	1
0	0
8	0
2	0
0	0
0	0
1	0
11	0
6	0
15	3
0	0
0	0
12	0
7	0
0	0
0	0
13	0
17	0
15	1
13	0
0	0
20	0
1	0
7	2
26	2
1	0
14	0
0	0
12	1
19	2
16	0
8	0
14	1
6	0
4	0
0	0
0	0
19	0
5	0
14	1
16	0
9	12
0	0
9	0
13	1
4	0
15	0
10	0
0	0
17	0
1	0
0	0
0	0
0	0
9	0
9	0
1	0
1	0
10	0
13	0
16	0
0	0
4	0
10	0
6	0
2	0
13	0
2	0
2	0
2	0
0	0
0	0
0	0
0	0
0	0
0	0
0	0
8	0
0	0
12	0
6	0
0	0
14	0
8	0
0	0
0	0
10	2
6	0
0	0
0	0
11	0
0	0
1	0
0	0
2	0
21	6
12	1
3	0
0	0
20	1
0	0
19	0
4	0
6	0
10	2
0	0
0	2
0	0
0	0
15	0
0	0
1	0
6	0
0	0
19	0
15	0
2	0
9	1
0	0
2	0
0	0
0	0
0	0
2	0
15	0
1	0
18	0
0	0
0	0
16	0
14	1
10	0
29	0
1	0
14	0
6	0
0	0
0	0
6	6
1	0
6	0
0	0
0	0
0	0
14	0
1	0
12	2
2	0
3	0
15	0
0	0
1	0
16	0
20	0
0	0
0	0
1	0
0	0
19	0
0	0
4	0
6	0
13	0
0	0
16	0
14	0
0	0
0	0
5	1
12	0
0	0
0	0
5	0
6	0
0	0
0	0
9	2
12	0
21	0
15	0
0	0
27	1
0	0
0	0
11	1
30	0
6	0
31	30
0	0
34	21
11	0
5	0
2	1
6	1
0	0
15	4
0	0
0	0
9	0
0	0
0	0
1	0
13	0
19	0
8	0
13	4
0	0
0	0
11	0
2	0
1	0
0	0
8	2
9	0
11	0
0	0
0	0
4	0
0	0
5	0
2	0
0	0
5	0
0	0
5	0
0	0
0	0
7	0
4	1
0	0
3	0
10	0
0	0
1	0
8	0
2	0
0	0
7	1
3	0
0	0
0	0
23	0
0	0
0	0
9	0
4	6
1	0
4	1
11	0
0	0
69	0
6	0
7	0
0	0
0	0
9	0
0	0
0	0
7	0
0	0
16	0
13	0
0	0
0	0
12	0
0	0
0	0
24	0
7	0
0	0
53	5
5	0
5	0
1	0
0	0
6	0
2	0
4	5
1	0
1	0
13	0
7	0
15	0
10	0
21	0
6	0
9	0
8	0
4	0
0	0
5	0
9	0
9	0
13	0
8	0
0	0
4	0
0	0
0	0
25	0
0	0
0	0
83	0
7	0
14	0
20	45
1	0
5	2
7	8
5	0
0	0
11	0
0	0
5	0
6	0
0	0
1	0
1	0
14	0
8	0
0	0
10	0
0	0
9	0
13	0
15	0
6	0
14	0
0	0
2	0
0	0
4	0
0	0
14	0
6	0
0	0
18	0
0	0
12	0
8	0
8	0
18	11
0	0
22	0
2	0
1	0
8	0
14	0
2	0
0	0
0	0
0	0
8	0
1	0
2	0
0	0
17	0
3	0
0	0
1	0
0	0
11	0
17	0
0	0
1	0
10	5
0	0
9	2
7	0
0	0
11	0
32	14
9	0
4	0
0	0
0	0
1	0
0	0
6	0
1	0
4	0
7	0
17	0
4	0
8	0
5	0
0	0
8	0
0	0
9	0
1	0
5	0
0	0
10	0
1	0
2	0
0	0
20	0
3	0
17	0
0	0
3	1
2	0
7	5
6	0
16	0
12	0
11	0
0	0
13	1
10	0
8	0
15	0
0	0
13	0
18	0
0	0
2	0
0	0
66	9
14	1
8	0
0	0
0	0
15	0
10	0
10	0
0	0
5	0
0	0
7	0
13	0
2	0
0	0
2	0
8	0
27	0
0	0
1	0
4	0
4	0
1	0
23	34
0	0
11	2
9	0
12	0
14	0
0	0
0	0
0	0
0	0
6	0
2	0
13	0
12	0
0	0
0	0
0	0
0	0
8	0
8	0
0	1
10	0
0	0
0	0
0	0
0	0
17	0
0	0
16	0
0	0
12	0
7	0
9	2
9	0
0	0
14	0
6	0
0	0
0	0
0	0
11	0
0	0
0	0
4	0
0	0
10	0
10	0
0	0
9	0
1	0
0	0
0	0
1	0
1	6
28	2
19	12
113	0
0	0
8	0
0	0
6	0
7	2
1	0
11	0
11	0
10	0
0	0
0	0
0	0
9	0
6	0
12	0
0	0
12	0
0	0
13	0
1	0
7	2
7	0
0	0
3	0
0	0
0	0
3	3
1	0
0	0
0	0
9	0
17	0
0	0
11	0
11	0
7	0
15	0
0	0
10	0
17	0
9	0
2	0
0	0
9	0
5	0
9	6
3	0
0	0
15	0
0	0
2	0
0	0
6	0
0	0
1	0
0	0
5	0
7	0
10	0
7	0
0	0
14	10
0	0
4	2
0	0
0	0
0	0
5	0
0	0
10	0
7	0
0	0
17	0
5	0
0	0
0	0
1	0
0	0
0	0
0	0
14	0
15	0
14	0
0	0
0	0
12	0
0	0
0	0
0	1
0	0
8	0
11	0
13	0
10	0
3	7
0	0
0	0
0	0
17	0
0	0
0	0
7	0
0	0
0	0
0	0
13	0
21	0
0	0
5	2
17	1
0	0
0	0
36	20
0	0
0	0
4	0
12	6
0	0
17	0
177	0
3	0
4	0
19	13
44	0
9	0
15	0
9	0
1	0
3	0
11	0
16	0
0	0
1	0
1	0
0	0
0	0
9	0
0	0
13	2
10	0
0	0
5	0
0	0
5	5
8	1
36	0
9	0
16	4
11	0
0	0
0	0
14	0
12	0
10	0
12	0
2	0
0	0
0	0
14	0
0	0
8	0
0	0
0	0
9	3
0	0
11	0
2	0
7	0
4	0
0	0
9	0
11	0
0	0
12	1
5	0
9	0
0	0
10	0
4	0
0	0
80	0
22	0
9	1
11	0
0	0
43	0
10	0
4	0
20	4
24	0
10	0
5	0
0	0
1	0
9	1
2	0
0	0
3	0
18	0
0	0
0	0
11	0
9	0
0	0
0	0
0	0
3	0
0	0
10	0
10	0
40804	4
10	2
0	0
2	0
13	0
6	0
0	0
19	0
0	0
18	0
0	0
5	0
0	0
16	0
3	0
0	0
11	0
11	0
7	0
3	0
2	0
0	0
10	0
7	0
0	0
2	2
19	1
0	0
0	0
61	0
20	11
36	23
5	2
14	0
4	1
9	0
0	1
10	0
9	0
2	0
10	0
0	0
13	0
0	0
0	0
0	0
7	0
13	0
0	0
12	0
13	1
6	0
11	0
13	0
1	1
0	0
0	0
1	3
0	0
1	0
13	0
4	3
3	0
11	0
0	0
4	0
6	0
0	0
19	0
0	0
0	0
0	0
12	0
11	0
17	0
0	0
14	0
3	0
9	0
8	0
9	2
3	0
0	0
6	0
5	0
12	2
8	0
0	0
0	0
0	0
0	0
1	0
19	5
0	0
7	0
9	0
9	0
12	3
0	0
0	0
3	0
0	0
10	4
17	0
4	0
6	0
0	0
0	0
12	0
29	0
1	0
15	1
13	0
1	0
14	0
18	0
18	0
8	2
7	0
1	0
0	0
4	0
9	0
9	10
38	3
0	0
7	0
12	0
1	0
0	0
8	2
10	0
5	0
0	0
6	0
3	0
0	0
6	0
4	0
1	0
1	0
3	0
9	0
15	0
0	0
17	0
1	0
0	0
5	30
0	0
19	0
6	0
18	0
13	0
11	0
0	0
0	0
11	0
0	0
0	0
0	0
12	0
11	0
13	0
0	0
0	0
1	0
2	0
0	0
11	0
15	0
4	1
10	0
7	0
5	0
1	0
0	0
0	0
0	0
0	0
8	4
7	0
0	0
16	0
6	0
6	0
0	0
8	0
1	0
34	35
12	0
0	0
0	0
0	0
8	0
10	0
4	0
0	0
0	0
3	0
0	0
5	0
13	0
0	0
0	0
9	0
8	0
0	0
31	4
0	0
0	0
0	0
9	1
0	0
7824	2783
14	0
9	0
0	0
0	0
0	0
16	0
0	0
0	0
0	0
0	0
0	0
0	0
0	0
0	0
0	0
3	0
12	0
22	0
13	0
11	0
4	0
4	5
2	0
0	0
12	3
15	0
16	1
16	0
15	0
7	0
14	0
16	1
0	0
16	0
33	2
0	0
11	2
9	0
1	0
8	0
0	0
1	0
1	0
13	0
7	0
15	0
0	0
1	0
0	0
11	0
15	0
0	0
18	0
0	0
6	0
16	0
0	0
0	0
29	0
51	36
0	0
3	0
10	0
0	0
20	0
0	0
13	0
0	0
0	0
7	0
7	0
0	0
12	0
0	0
16	0
3	0
0	0
8	0
8	0
0	0
0	0
0	0
0	0
6	0
5	0
6	0
0	0
0	0
3	2
0	0
0	1
15	0
0	0
0	0
0	0
8	0
13	0
12	0
0	0
5	0
0	0
10	0
0	0
0	0
4	0
0	0
0	0
5	0
0	0
4	5
0	0
9	0
9	1
0	0
18	0
42	0
0	0
5	1
15	0
0	0
0	0
0	0
22	1
2	1
12	0
14	0
1	0
29	4
11	1
0	0
1	0
0	0
0	0
10	0
0	0
6	0
15	0
6	0
9	0
7	0
0	0
15	0
8	0
18	0
8	0
11	0
1	0
11	2
3	3
8	0
2	0
0	0
4	0
1	1
11	0
0	0
0	0
9	2
0	0
31	0
4	0
14	0
4	0
1	0
1	4
5	0
0	0
0	0
9	0
3	2
18	0
0	0
9	0
11	2
5	0
10	0
2	0
12	0
0	0
15	0
9	0
17	12
0	0
2	0
16	2
13	0
10	0
2	0
14	0
12	0
14	0
0	0
0	0
7	0
0	0
0	0
10	0
0	0
12	0
7	0
7	0
13	0
7	2
13	0
0	0
2	0
9	0
4	0
0	0
0	0
1	0
5	0
7	0
9	6
0	0
5	0
0	0
5	0
1	0
15	0
7	1
1	0
6	8
0	0
0	0
9	0
8	0
9	0
12	0
8	0
0	0
4	0
0	0
2	0
8	0
7	0
4	0
14	0
12	0
1	0
8	0
16	0
0	0
12	0
0	0
0	0
0	0
4	0
7	2
0	0
2	0
2	0
0	0
1	0
1	0
5	20
0	0
1	0
1	0
1	1
0	0
7	0
0	0
4	0
4	0
6	12
5	0
3	0
14	0
11	0
9	0
0	0
3	0
3	0
2	1
3	1
6	0
1	2
11	0
0	0
0	0
3	0
10	0
6	0
0	0
0	0
11	0
0	0
10	0
17	0
0	0
13	21
33	12
2	0
200	9
3	0
9	0
14	0
0	0
0	0
16	1
7	0
0	0
8	0
1	0
3	0
1	1
0	0
0	0
4	0
0	0
1	0
12	0
1	2
4	1
12	0
3	17
12	0
27	2
0	0
0	0
9	0
11	0
4	0
1	1
0	0
8	0
0	0
6	2
5	0
3	0
10	0
14	0
0	0
16	0
5	7
0	0
0	0
0	0
0	0
0	0
1	0
7	0
0	0
10	0
6	0
1	1
0	0
5	3
13	0
3	1
5	0
2	0
9	3
6	0
0	0
0	0
1	1
3	0
35	4
0	0
4	0
13	1
11	0
3	0
10	0
0	0
2	0
13	0
0	0
0	0
3	0
4	0
0	0
0	0
14	0
8	0
1	0
13	0
0	0
3	0
0	0
2	0
1	0
4	1
0	0
0	0
0	0
9	0
2	0
0	0
9	0
16	0
28	12
9	1
2	0
6	0
9	3
11	0
19	0
0	0
3	0
0	0
0	0
5	0
6	0
11	1
10	0
11	2
3	3
5	0
12	0
2	0
0	0
13	0
1	0
13	0
0	0
10	0
6	0
7	8
0	0
3	0
0	0
0	0
0	0
18	0
12	0
15	0
5	0
11	0
6	0
0	0
7	0
2	0
0	0
0	0
0	0
0	0
0	0
0	0
12	0
0	0
4	0
0	0
10	0
6	9
0	0
10	0
12	3
8	0
0	0
5	3
1	0
14	0
1	0
0	0
8	0
0	0
6	0
8	3
2	11
5	0
0	0
0	0
6	0
12	1
0	0
0	0
9	0
8	0
5	0
13	16
5	0
2	3
10	0
6	0
11	2
4	9
1	0
0	0
0	0
0	0
3	0
12	0
2	1
3	0
0	0
10	0
0	0
0	0
0	0
0	0
8	0
12	0
1	0
6	0
0	0
0	0
0	0
1	0
1	0
0	0
10	0
18	0
15	0
12	0
0	0
0	0
0	0
0	0
9	0
12	0
0	0
9	0
0	0
4	4
8	1
3	0
13	0
2	0
1	0
5	0
0	0
15	2
126	43
0	0
1	0
16	0
6	0
16	0
0	0
0	0
10	0
10	0
15	0
1	0
6	42
7	0
11	3
13	0
0	0
0	0
17	0
8	0
0	0
7	0
19	0
13	0
0	0
7	0
6	0
0	0
2	0
0	0
2	0
11	1
0	0
0	0
16	1
0	1
7	0
1	0
260	0
7	0
6	0
0	0
13	0
0	0
0	0
0	0
8	0
10	14
10	0
14	0
16	0
8	0
6	0
3	0
6	0
16	0
8	0
11	0
11	0
6	0
0	0
0	0
9	1
16	0
5	2
5	0
0	0
0	0
2	0
2	0
0	0
1	0
7	0
0	0
9	0
0	0
7	9
2	1
17	0
0	0
12	0
4	4
0	0
7	0
4	0
0	0
0	0
7	0
0	0
11	0
9	0
0	0
10	6
0	0
9	2
0	0
0	0
14	0
19	0
14	0
10	0
0	0
1	8
1	0
1	0
5	0
0	0
2	6
12	2
1	6
3	0
11	0
1	0
0	0
7	0
5	0
0	0
4	0
3	0
7	0
1	0
0	0
9	1
14	0
8	0
1	0
7	0
11	0
8	0
7	1
0	0
0	0
84	3
0	0
1	0
0	0
0	1
0	0
0	0
0	0
8	0
0	0
4	4
0	0
4	0
9	0
0	0
0	2
0	0
14	0
0	0
7	0
11	0
0	0
12	0
10	0
0	0
14	0
7	0
0	0
0	0
11	0
0	1
0	0
7	14
12	0
1	1
33	0
0	0
8	0
8	0
8	0
0	0
12	0
1	0
0	0
1	1
0	0
5	0
7	0
10	0
0	0
14	0
5	0
0	0
9	0
14	0
2	0
2	0
0	0
0	0
0	0
6	0
0	0
5	0
7	0
5	0
0	0
10	3
5	0
11	12
0	0
4	0
0	0
4	0
0	0
5	0
7	0
0	0
7	1
14	1
1	0
3	6
0	0
13	0
1	0
2	0
10	0
0	0
10	0
1	0
9	0
4	0
12	0
0	0
1	0
10	0
1	0
11	0
0	0
6	0
13	0
8	0
7	0
0	0
0	0
0	0
12	0
0	0
6	0
8	2
2	0
4	0
5	4
13	0
6	0
1	0
7	0
11	0
8	14
12	0
17	0
4	12
12	0
1	0
17	10
80	0
8	0
3	0
12	0
0	0
3	0
13	0
3	0
9	0
2	0
6	0
0	0
1	0
0	0
0	0
1	0
0	0
0	0
10	0
18	0
24	0
8	3
3	2
6	0
12	0
5	0
10	6
12	0
0	0
6	0
0	0
10	1
5	0
2	0
2	0
5	2
0	1
7	0
0	0
13	0
4	2
0	0
12	0
0	0
12	0
0	0
7	0
12	0
9	0
4	0
5	0
0	0
0	0
0	0
7	1
0	0
12	1
4	0
5	0
0	0
6	0
0	0
9	0
0	0
12	1
0	0
5	1
0	0
0	0
0	0
25	3
1	16
1	0
0	0
7	0
1	0
5	0
1	0
6	0
9	0
7	0
0	0
0	0
9	0
11	0
6	2
22	0
7	0
3	0
0	0
3	0
0	0
0	0
11	1
6	0
2	0
6	0
12	0
15	0
4	0
1	0
2	0
6	0
0	0
10	0
7	0
8	0
5	0
0	0
4	0
12	1
5	0
1	0
8	0
2	0
130	2
1	0
6	0
4	0
11	0
5	0
8	0
4	0
0	0
7	1
0	0
18	0
8	0
6	0
2	0
11	0
8	5
3	0
7	7
0	0
0	0
2	1
1	0
7	3
10	0
1	0
5	0
5	1
8	2
1	0
0	0
6	0
5	3
9	0
10	0
4	0
0	0
8	3
3	0
12	16
0	0
0	0
0	0
7	0
4	0
3	0
7	1
7	1
0	0
14	0
0	0
0	0
6	0
0	0
0	0
16	0
0	0
6	0
0	0
17	0
4	4
0	0
9	0
8	0
0	0
0	0
12	0
11	0
4	0
11	0
4	0
1	0
0	0
0	1
7	0
0	0
9	0
12	0
6	0
0	0
9	0
10	0
134	0
11	1
0	0
0	0
0	0
0	0
4	13
7053	1
7	0
5	0
16	0
11	3
2	0
15	0
0	0
10	0
0	0
0	0
0	0
9	0
4	0
12	7
8	2
4	0
0	0
2	1
13	0
6	0
0	0
6	0
3	8
11	0
13	0
0	0
6	2
15	0
3	0
1	0
0	0
1	0
17	0
9	10
0	0
5	0
0	0
3	0
10	0
12	0
16	0
0	0
9	0
0	0
4	0
5	0
0	0
1	0
4	0
1	0
0	0
0	0
2	0
0	0
5	0
0	0
0	0
0	0
0	0
6	0
3	0
0	0
0	0
3	1
0	0
0	0
35	32
0	0
8	0
12	0
8	0
6	0
14	1
11	0
0	0
9	0
0	0
0	0
0	0
7	0
11	0
9	1
0	0
0	0
15	2
0	0
20	0
10	1
2	3
43	0
13	0
10	0
0	0
8	0
7	0
7	0
4	2
0	0
1	0
3	0
7	0
10	1
8	0
0	0
0	0
0	0
1	0
10	0
1	0
0	0
0	0
1	0
2	0
1	0
8	0
1	0
0	0
11	0
1	0
0	0
10	0
0	0
3	0
0	0
10	0
0	0
4	0
13	0
0	0
1	0
4	0
1	0
9	0
10	0
7	0
7	0
0	0
2	0
6	0
5	3
0	0
3	7
1	0
0	0
11	0
4	0
0	0
7	0
11	0
14	2
5	0
0	0
0	0
0	0
13	0
0	0
3	0
6	5
7	0
0	0
0	0
9	0
0	0
1	0
1	0
2	0
0	0
7	0
0	0
0	0
6	0
0	0
1	0
10	0
2	0
9	0
0	0
10	0
2	0
13	0
14	0
0	0
9	0
6	1
0	0
1	0
9	0
0	0
4	0
16	0
0	0
0	0
4	0
6	0
5	0
0	0
0	0
11	0
0	0
1	0
0	0
6	0
4	0
0	0
7	4
0	0
11	0
5	0
1	0
0	0
13	0
0	0
0	0
0	0
4	0
10	0
5	0
0	0
0	0
4	1
1	0
0	0
13	0
5	0
8	0
0	0
7	0
0	0
2	0
0	0
0	0
3	0
8	0
0	0
10	0
2	1
0	0
0	0
11	45
0	0
0	0
8	0
12	8
8	0
0	0
16	0
19	15
0	0
5	0
4	0
0	0
10	0
6	0
10	0
11	0
0	0
5	0
1	0
3	0
2	1
0	0
15	0
3	0
2	0
8	0
5	0
15	0
0	0
1	0
10	0
2	0
10	0
17	0
0	0
14	0
8	0
0	0
12	0
17	3
0	0
2	2
0	0
7	0
11	0
0	0
0	1
19	3
6153	742
9	0
14	0
0	0
0	0
8	0
0	0
10	0
4	0
0	0
0	0
0	0
8	0
0	0
12	20
0	0
99	0
36	0
0	0
4	6
0	0
0	0
3	2
11	0
0	0
15	1
12	0
11	0
12	30
9	0
0	0
7	0
9	0
1	0
4	0
0	0
4	7
12	0
1	0
7	3
0	0
0	0
11	5
15	1
7	3
5	0
0	0
0	0
13	0
9	6
5	6
5	5
0	0
12	0
11	3
1	0
2	0
13	10
2	0
2	1
10	0
6	0
5	0
19	5
70	4
0	0
0	0
1	0
0	0
0	0
0	0
1	0
3	7
4	0
2	2
4	0
17	0
0	0
7	0
0	2
15	4
3	3
0	7
5	0
23	0
24	0
3160	1339
19	36
11	0
0	0
0	0
9	18
2	1
3	1
6	0
0	0
18	0
0	0
2	3
5	17
5451	1846
0	0
0	0
6	9
7	0
0	0
0	0
6	5
7	0
0	0
3	3
1	1
0	0
5	0
0	0
0	0
17	0
0	0
3	5
12	0
7	10
16	1
9	1
0	0
14	22
6	1
4	9
4	0
26	0
1	0
0	0
21	0
2	0
7	1
2	6
0	0
0	0
0	0
2	0
0	0
6	0
0	0
12	1
16	0
7	3
7	11
1	0
2	0
0	0
0	0
4	0
0	0
16	1
8	0
1	0
2	2
0	1
4	4
0	0
2	10
0	0
0	1
0	0
0	0
0	0
0	0
0	0
12	0
23	0
0	0
0	3
8	0
0	0
0	0
0	1
0	0
5	11
4	3
0	0
3	2
4	0
20	0
0	0
13	13
4	0
1	0
7	1
0	0
0	0
15	0
6	3
5	0
7	0
6	0
9	0
7	0
23	30
0	0
2	1
0	0
0	1
1	0
1	0
15	23
7	0
14	5
3	2
0	0
5	0
4	3
36	1
33	6
0	0
5	0
6	2
4	0
4	1
2	0
0	0
13	0
0	0
1	0
3	0
23	0
17	6
7	0
10	0
9	0
3	6
6	0
5	0
6	4
8	0
5	2
0	0
0	0
0	0
1	0
0	0
0	0
21	19
40	91
2	5
0	3
0	0
0	0
11	0
0	0
6	0
0	0
1	3
7	0
1	9
11	0
1	0
9	0
2	1
0	0
0	0
0	0
6	4
0	0
1	6
0	0
1	2
0	0
7	0
1	2
3	0
2	0
0	0
3	0
6	1
0	0
0	0
0	14
0	9
2	0
7	0
1	1
5	0
15	14
11	2
4	2
1	5
4	0
0	0
7	0
0	0
4	0
1	1
0	0
13	38
3	1
0	0
0	0
0	1
0	0
8	0
2	13
12	0
0	0
4271	1392
0	0
25	0
11	0
3	0
0	0
0	0
10	0
5	0
6	2
0	0
0	2
10	0
4	0
0	0
7	1
4	0
0	0
1	0
3	0
0	0
0	0
2	8
3	0
0	0
46	15
0	0
4	0
1	0
0	0
9	15
7	8
0	0
13	0
0	0
0	0
27	1
2	9
2	0
0	0
2	0
5	0
0	0
0	0
1	1
1	0
1	0
0	0
3	0
11	0
0	12
0	1
0	0
0	0
10	0
16	0
0	5
0	2
0	0
9	0
0	0
2	0
11	0
0	0
0	0
0	0
1	3
0	1
5	0
0	0
0	9
22	0
0	0
0	0
0	0
10	0
5	3
25	0
0	0
6	6
0	0
0	0
15	0
9	0
0	0
1	4
1	0
1	0
0	10
0	0
0	0
0	12
0	0
0	0
3	1
0	0
1	0
0	0
0	0
2	0
5	1
0	0
14	0
2	7
0	0
0	0
10	0
0	0
2	1
2	1
2	0
0	0
0	0
3	1
2	0
7	0
0	0
4	2
0	0
6	0
4	0
0	0
0	0
4	2
10	6
6	0
0	0
2	0
1	2
5	2
0	0
0	0
2	0
0	0
14	0
1	1
2	0
0	0
0	0
54	0
4	18
0	0
3	0
1	9
11	1
11	1
0	5
3	0
9	43
0	0
176	42
55	2
2576	22
1	5
0	0
1847	765
30	17
0	0
15	0
6	0
38	0
0	0
0	0
13	7
10	4
0	0
11	6
0	0
0	0
10	0
0	12
1	0
0	0
3	0
8	0
0	0
2	0
14	0
0	0
1	0
13	0
3	6
2	0
0	0
26	0
56	2
3	8
0	0
1	0
1	5
0	0
0	0
14	41
5	0
0	0
0	0
9	12
1	1
5	9
27	16
26	21
0	0
18	0
1	0
5	0
5	0
22	1
4	0
26	0
1	0
9	0
0	1
4	0
0	0
1	0
5	0
3	0
3	31
1	0
0	0
0	0
15	0
0	0
14	21
61	0
0	0
4	101
0	0
1	0
0	0
0	0
50	0
11	20
0	0
0	0
0	0
8	1
6	0
10	2
1	2
0	0
0	0
0	0
3	2
0	0
0	0
4	2
2	0
1	0
6	0
0	0
139	7
3	3
2	0
2	0
11	3
4	0
0	0
3	0
1	0
3	0
0	4
17	7
4	1
7	0
1	0
1	0
3	0
5	0
12	1
3	0
1	0
0	0
0	0
1	0
15	0
3	0
0	0
2	0
0	0
0	0
0	0
121	0
0	0
1	1
0	0
3	1
0	0
3	0
0	0
0	0
0	0
0	0
1	0
0	0
0	0
0	0
0	0
5	0
16	1
2	0
0	3
9	0
0	0
16	14
0	0
1	6
1	0
1	0
9	0
1	28
4	0
1	0
0	0
9	0
8	0
1	0
3	1
5	0
1	0
0	0
10	0
3	0
0	0
9	14
0	0
1	0
15	0
15	1
2	2
0	0
0	0
2	0
0	0
8	0
0	0
0	0
0	0
0	0
4	0
47	0
36	7
14	0
2	2
0	0
0	0
0	0
1	1
0	0
2	0
0	0
4	0
0	0
3	0
7	0
8	0
3	0
0	0
4	0
4	0
4	0
0	0
5	0
2	0
0	0
10	0
4	0
4	0
0	0
2	0
4	0
0	0
10	0
0	0
0	0
0	0
0	0
9	1
1399	67
0	0
1	0
0	0
0	2
0	0
2	0
0	0
1	8
3	0
14	2
14	0
8	0
60	32
0	0
0	0
8	0
0	0
0	0
2	0
6	0
1	0
2	0
0	0
3	0
0	0
0	0
0	0
60	48
38	11
5	0
5	17
1	0
0	0
4	0
20	0
332	80
0	0
67	46
12	1
4	1
7	0
0	0
0	0
3	1
1	0
0	0
0	0
1	0
0	0
0	0
0	0
1	0
3	7
0	0
0	0
0	1
0	13
0	0
0	0
11	1
10	0
0	0
1	5
0	0
0	0
1	0
0	0
7	0
0	0
600	8
0	0
3	4
1	0
6	1
17	5
0	8
1	0
0	0
0	0
1	0
2	0
0	0
2	2
4	0
0	0
0	0
0	0
0	0
1	0
2	0
0	0
0	0
0	0
0	0
6	4
18	3
0	0
0	0
1	0
0	0
0	0
0	0
1	0
0	0
15	3
2	0
0	0
1	1
2	0
0	0
11	44
0	0
0	0
16	44
0	0
20	16
13	4
5	0
3	3
2	0
4	0
24	0
3	0
14	6
3	4
0	0
0	0
0	0
0	0
9	0
16	0
2	0
2	0
0	0
4	1
1	0
0	0
0	0
0	0
0	0
0	0
1	0
0	0
1	0
3	0
3	0
0	0
6	6
0	0
6	11
5	0
6	26
9	0
12	8
0	0
0	0
0	0
2	0
1	0
0	0
0	0
0	0
10	0
1	0
1	2
7	1
9	0
6	1
13	6
1	0
0	0
45	2
0	0
2	0
32	1
47	2
7	0
4	1
3	0
20	5
189	7
7	6
1	0
14	1
20	0
69	8
2	1
7	0
7	0
0	0
1	0
0	2
0	0
2	0
0	0
0	0
0	0
0	0
0	0
0	0
3	0
0	0
0	0
5	0
0	0
0	0
0	0
1	0
1	7
0	0
0	0
1	0
2	0
0	0
0	0
1	0
3	0
0	0
3	0
2	0
0	0
0	1
0	0
0	0
0	0
2	0
0	0
1	0
10	0
0	0
0	0
0	0
0	0
0	0
1	0
0	0
0	0
3	0
0	0
0	0
0	0
0	0
0	0
1	0
0	0
0	0
0	0
0	1
0	0
2	0
0	0
0	0
4	0
5	0
0	0
3	0
0	0
0	0
0	1
4	0
0	0
4	1
0	0
0	0
0	0
0	0
1	0
14	0
0	0
3	0
0	0
0	0
1	0
10	0
1	0
6	0
3	0
0	0
0	0
0	0
0	1
0	0
2	0
2	0
0	0
1	0
2	0
0	0
10	2
4	0
0	0
1	0
22	2
4	45
5	1
0	0
0	0
4	0
35	3
19	4
18	0
49	16
1	0
6	1
0	0
3	0
1	2
7	0
27	8
14	1
8	0
6	0
41	3
0	0
5	0
0	0
4	0
0	0
3	6
8	1
0	0
67	0
10	1
1	0
2	0
1	0
0	0
1	0
2	0
1	0
0	0
0	0
2	0
0	0
0	0
3	0
0	0
0	0
0	0
5	0
0	0
0	0
0	0
0	0
1	0
1	0
0	0
5	0
1	0
1	0
1	0
0	1
0	0
1	0
0	0
0	0
0	0
0	0
1	0
0	0
0	0
0	0
0	0
0	0
0	0
0	0
0	0
3	0
4	0
0	0
3	0
1	0
0	0
0	0
2	0
4	0
2	32
2	0
0	0
0	0
0	0
1	0
6	0
0	7
16	0
4	1
7	0
16	0
5	1
105	19
1	1
1	0
3	1
12	5
12	0
17	1
1	0
41	1
0	0
283	22
2	0
0	0
1	0
1	0
1	0
0	0
3	0
0	0
4	0
1	0
1	0
1	0
0	0
1	0
1	2
0	0
4	0
0	0
2	0
0	0
1	0
0	0
1	7
0	0
1	0
2	0
0	0
1	0
1	0
0	0
0	0
0	0
0	0
0	0
0	0
0	0
0	0
0	0
0	0
0	0
1	0
0	0
1	0
0	0
0	0
0	0
0	0
0	0
0	0
0	0
0	0
0	0
2	0
0	0
0	0
0	0
2	0
2	0
1	0
0	0
1	0
0	0
0	0
0	0
0	0
0	0
1	0
0	0
2	0
4	0
0	0
0	0
0	0
2	0
0	0
6	0
3	0
1	0
0	0
2	0
2	0
0	5
3	0
0	0
9	0
0	0
3	0
0	0
0	0
3	0
2	0
6	0
2	0
16	0
9	1
15	0
15	0
0	0
33	0
0	0
3	0
0	0
2	0
0	0
1	0
2	0
1	0
0	0
0	0
0	0
1	0
5	0
1	0
1	0
0	0
0	0
2	0
3	0
0	0
0	0
0	0
1	0
0	0
0	0
0	0
1	0
4	0
0	0
0	0
1	0
3	0
0	0
4	0
0	0
3	0
2	0
1	0
0	0
0	0
0	0
2	0
8	0
0	0
1	0
0	0
0	0
0	0
0	0
0	0
1	0
1	0
0	0
0	0
0	0
1	0
1	0
0	0
0	0
0	0
1	0
2	0
0	0
0	0
0	0
0	0
0	0
2	0
4	0
0	0
2	0
0	0
1	0
0	0
1	0
3	0
4	0
3	0
7	0
0	0
0	0
2	0
2	0
0	0
0	0
5	0
3	0
0	0
2	0
1	0
7	0
0	0
1	0
0	0
7	0
0	0
0	0
1	0
1	0
7	0
0	0
8	0
10	0
0	0
15	0
4	0
4	0
5	0
0	0
2	2
3	0
4	0
6	0
22	0
0	0
6	0
39	0
0	0
4	0
8	2
28	3
1	0
1	0
0	0
0	0
0	1
0	0
0	0
1	0
2	0
0	0
0	0
0	0
3	0
12	3
0	0
0	0
1	0
5	0
1	0
0	0
1	0
0	0
0	0
0	0
0	0
0	0
3	0
1	0
0	0
0	0
1	0
1	0
0	0
2	0
0	0
1	0
1	0
1	0
0	0
2	0
2	0
0	0
1	0
0	0
0	0
0	0
0	0
1	0
0	0
0	0
0	0
0	0
0	0
1	0
0	0
0	0
0	0
0	0
1	0
1	0
1	0
3	0
0	0
0	0
0	0
53	1
1	0
27	0
2	0
1	0
5	0
0	0
0	0
0	0
0	0
1	0
0	0
1	0
1	0
5	0
44	0
0	0
0	0
0	0
7	0
3	0
5	1
0	0
1	0
10	0
5	0
5	0
1	0
10	0
2	0
2	0
2	0
4	1
3	0
17	0
0	0
7	0
5	1
0	0
1	1
63	0
88	0
12	0
13	0
11	1
7	0
11	0
13	0
2	1
1	0
0	0
1	0
0	0
0	0
0	0
2	0
1	0
0	0
1	0
1	0
0	0
0	0
0	0
0	0
0	0
0	0
0	0
0	0
0	0
1	0
0	0
0	0
0	0
2	0
0	0
0	0
0	0
2	0
0	0
1	0
0	0
0	0
1	0
1	0
0	0
0	0
0	0
1	0
1	0
0	0
0	0
0	0
0	0
0	0
1	0
0	0
0	0
0	0
0	0
0	0
1	0
1	0
0	0
0	0
0	0
3	0
0	0
0	0
0	0
0	0
0	0
2	0
1	0
0	0
1	0
3	0
0	0
0	0
2	0
0	0
0	0
3	0
1	0
0	0
0	0
0	0
0	0
5	0
2	0
0	0
0	0
0	0
0	0
2	0
0	0
2	0
2	0
45	0
0	0
0	0
1	1
1	0
4	0
1	0
9	0
8	0
0	0
1	0
0	0
25	0
0	0
5	0
4	0
21	2
2	9
13	1
0	0
6	0
7	0
3	0
7	0
0	0
0	0
1	0
4	0
5	0
4	0
4	0
1	0
1	0
1	0
1	0
0	0
1	0
0	0
0	0
5	7
0	0
2	0
0	0
3	0
2	0
0	2
0	0
1	0
0	0
1	0
0	0
0	0
0	0
1	0
0	0
0	0
0	0
0	0
0	0
1	0
0	0
0	0
1	0
0	0
0	0
0	0
4	0
1	0
0	0
0	0
0	0
0	0
0	0
0	0
0	0
0	0
0	0
0	0
0	0
2	0
0	0
0	0
0	0
0	0
0	0
0	0
1	0
0	0
0	0
0	0
0	0
0	0
0	0
0	0
0	0
0	0
1	0
19	0
0	0
0	0
1	0
1	0
0	0
0	0
0	0
0	3
1	0
1	0
0	0
0	0
0	1
0	0
0	1
0	0
2	0
2	0
4	0
1	0
0	0
2	0
1	2
0	0
0	0
0	0
0	0
9	0
1	0
0	0
0	0
0	0
0	0
13	0
1	0
5	0
1	0
6	0
1	0
1	0
0	0
0	0
0	0
0	0
3	0
1	0
0	0
2	0
0	0
4	0
4	0
2	0
1	0
1	0
0	0
0	0
1	0
2	0
0	0
2	0
20	0
5	0
1	1
0	0
3	0
0	4
1	1
12	0
155	0
0	0
1	0
0	0
2	0
0	0
0	0
3	2
1	0
0	0
5	2
0	0
0	0
0	0
0	0
0	0
0	0
1	0
0	0
0	0
0	0
0	0
2	0
0	0
0	0
0	0
0	0
0	0
1	0
0	0
0	0
0	0
0	0
0	0
0	0
0	0
0	0
0	0
0	0
0	0
0	0
3	0
1	0
0	0
0	0
0	1
0	0
6	0
1	0
0	0
1	0
0	0
0	0
0	0
0	0
1	0
2	0
3	0
0	0
0	0
0	0
0	0
0	0
2	0
0	0
0	0
2	0
1	0
0	0
5	0
0	0
0	0
0	0
1	0
5	0
3	2
5	0
56	0
3	0
0	0
1	0
33	0
2	0
22	0
2	0
2	0
2	0
1	0
0	0
0	0
0	0
1	0
1	0
0	0
0	0
0	0
1	0
0	0
0	0
0	0
0	0
0	0
0	0
0	0
0	0
0	0
0	0
0	0
1	0
1	0
1	0
0	0
0	0
0	0
0	0
0	0
1	0
0	0
0	0
0	0
0	0
0	0
0	0
0	0
1	0
0	0
0	0
0	0
0	0
0	0
0	0
1	0
0	0
3	0
0	0
0	0
12	3
0	0
2	0
0	0
0	0
0	0
6	0
18	0
0	0
5	0
4	0
8	0
0	0
0	0
0	0
1	0
9	0
4	0
1	1
8	0
3	0
2	0
35	1
4	0
5	0
2	0
0	0
92	0
0	0
0	16
4	1
0	0
0	1
0	0
1	0
0	0
0	0
0	0
0	0
0	1
0	0
3	0
1	0
0	0
0	0
0	0
0	0
2	0
0	0
3	0
0	0
0	1
0	0
2	0
0	0
0	0
0	0
1	0
0	0
0	0
0	0
0	0
0	0
0	0
0	0
0	0
0	0
0	0
1	0
0	0
4	0
6	0
2	0
1	0
4	0
5	0
0	0
0	0
0	0
0	0
3	2
0	0
1	0
0	0
0	0
0	0
0	0
0	0
2	0
0	0
2	1
1	0
0	0
1	0
0	0
1	0
3	0
1	0
7	4
0	0
7	1
1	0
0	0
0	0
2	0
0	0
0	0
1	0
0	0
0	0
0	0
1	0
0	0
0	0
2	0
1	0
0	0
0	0
0	0
0	0
2	0
0	0
0	0
1	0
0	0
2	0
0	0
0	0
0	0
14	2
1	0
2	0
0	0
1	0
0	0
2	0
1	0
2	0
1	0
0	0
0	0
3	0
6	0
0	0
0	0
5	0
2	0
1	0
5	0
2	0
0	0
0	2
0	0
2	0
0	1
0	0
0	0
0	0
0	0
0	0
1	0
0	0
0	0
1	0
0	0
1	0
2	0
1	2
0	0
0	0
2	0
0	0
1	0
0	0
0	0
0	0
1	0
2	0
3	0
6	0
1	0
8	0
0	0
4	0
0	0
7	0
6	0
0	0
9	0
6	0
2	0
0	0
0	0
0	0
0	0
0	0
1	0
1	0
1	0
0	0
2	0
1	0
2	0
2	0
2	0
0	0
0	0
0	1
0	0
1	0
0	0
0	0
0	0
0	0
2	0
3	1
0	0
5	0
0	0
0	0
0	0
0	0
0	0
3	0
0	0
0	0
0	0
2	0
0	0
0	0
0	0
0	0
5	0
0	0
0	0
0	0
0	0
1	0
0	0
2	0
0	0
0	0
0	0
3	0
0	0
0	0
1	0
1	0
0	0
2	0
0	0
0	0
1	2
0	0
0	0
0	0
0	0
1	0
0	0
3	0
0	0
0	0
0	0
0	0
7	0
0	0
2	0
2	0
1	2
0	0
0	0
1	0
1	0
1	0
0	0
2	4
3	0
0	0
0	0
5	0
50	34
0	0
0	0
0	0
2	0
1	0
0	0
1	0
0	0
0	0
1	0
3	0
2	0
0	0
3	4
0	0
0	0
3	0
1	1
1	0
1	0
0	0
0	0
2	0
1	2
0	0
2	0
7	7
0	0
0	0
1	0
0	0
2	0
0	0
5	0
1	1
0	0
2	0
6	1
23	4
6	0
1	0
3	0
4	1
1	0
0	0
0	0
1	0
0	0
0	0
0	0
0	0
4	0
0	0
0	0
0	0
1	0
1	0
0	0
0	0
0	0
3	0
3	0
1	0
0	0
0	1
1	0
1	0
1	0
1	0
0	0
0	0
0	0
0	0
0	0
0	0
5	0
0	0
0	0
0	0
0	0
6	0
7	0
2	0
0	0
2	0
0	0
0	0
6	0
4	0
0	0
3	0
0	0
1	0
0	0
0	0
2	0
1	0
0	0
0	0
0	0
1	0
0	0
1	0
0	0
5	0
2	0
0	0
0	0
0	0
0	0
0	0
1	0
1	0
1	0
1	0
0	0
0	0
1	0
1	0
2	0
0	0
0	0
0	0
1	0
1	0
0	0
2	0
0	0
0	0
12	2
1	0
0	0
0	0
0	0
3	0
0	0
2	0
3	0
0	0
4	0
3	0
1	0
0	0
0	0
0	0
1	0
0	0
0	0
0	0
1	0
0	0
8	0
0	0
0	0
0	0
0	0
0	0
1	0
0	0
6	0
0	0
0	0
0	0
0	0
0	0
2	0
0	0
0	0
0	0
2	0
2	0
0	0
0	0
4	0
0	1
0	0
1	0
0	0
0	0
0	0
0	0
3	0
2	1
0	0
1	0
0	0
1	0
0	0
3	0
1	0
0	0
0	0
2	0
0	0
0	0
0	0
0	0
2	0
1	0
0	0
0	0
0	0
0	0
0	0
1	0
1	0
2	0
0	0
0	0
0	0
0	0
0	0
1	0
5	0
0	0
0	0
0	0
0	0
0	0
0	0
1	0
0	0
0	0
0	1
0	0
0	0
0	0
0	0
0	0
0	0
0	0
0	0
1	0
1	0
0	0
0	0
0	0
0	0
0	0
1	0
0	0
0	0
2	0
0	0
3	0
0	0
3	1
0	0
4	0
0	0
0	0
0	0
0	0
0	0
1	0
0	0
0	0
1	0
1	0
0	0
2	0
0	0
1	0
0	0
1	0
0	0
2	0
2	0
1	0
2	0
0	0
2	0
0	0
1	0
0	0
0	0
0	0
1	0
0	0
0	0
0	0
5	0
0	0
1	0
0	0
6	0
0	0
1	0
0	0
0	0
2	0
0	0
0	0
0	0
0	0
0	0
4	0
0	0
0	0
0	0
0	0
0	0
0	0
4	0
1	0
4	0
0	0
3	0
1	0
0	0
0	0
0	0
0	0
0	0
2	0
0	0
0	0
2	0
0	0
0	0
0	0
0	0
1	0
0	0
0	0
0	0
0	0
0	0
0	0
0	0
1	0
2	0
0	0
0	0
0	0
0	0
0	0
1	0
0	0
0	0
1	0
0	0
0	0
0	0
0	0
0	0
0	0
0	0
0	0
2	0
0	0
0	0
0	0
0	0
0	0
2	0
0	0
2	0
0	0
0	0
0	0
0	0
0	0
1	0
1	0
0	0
5	0
0	0
2	2
0	0
0	0
0	0
0	0
0	0
0	0
0	0
0	0
0	0
0	0
5	0
7	0
0	0
0	0
3	0
0	0
0	0
0	0
0	0
0	0
41	0
0	0
1	0
0	0
2	0
0	0
0	0
2	0
0	0
0	0
0	0
1	0
0	0
0	0
1	0
1	0
0	0
0	0
0	0
2	0
0	0
0	0
0	0
1	0
0	0
0	0
0	0
5	0
0	0
4	1
7	0
0	0
0	0
0	0
0	0
0	0
0	0
1	0
0	0
0	0
0	0
0	0
0	0
2	0
0	0
1	0
6	0
0	0
0	0
0	0
4	0
0	0
0	0
0	0
0	0
0	0
2	0
0	0
0	0
0	0
0	0
0	0
0	0
0	0
1	0
0	0
0	0
0	0
4	0
0	0
0	0
0	0
0	0
0	0
0	0
0	0
1	0
0	0
0	0
0	0
0	0
0	0
1	0
0	0
0	0
0	0
4	0
0	0
0	0
0	0
2	0
0	0
0	0
0	0
0	0
0	0
0	0
0	0
0	0
0	0
0	0
0	0
0	0
0	0
0	0
0	0
0	0
0	0
0	0
0	0
0	0
0	0
0	0
0	0
0	0
1	0
0	0
0	0
0	0
0	0
0	0
1	0
1	0
1	0
0	0
0	0
0	0
0	0
1	0
2	0
0	0
0	0
1	0
0	0
1	0
0	0
0	0
0	0
0	0
0	0
1	0
2	0
0	0
1	0
0	0
2	0
0	0
0	0
0	0
1	0
0	0
2	0
0	0
0	0
0	0
0	0
0	0
0	0
1	0
1	0
0	0
0	0
0	0
0	0
0	0
6	0
0	0
0	0
0	0
0	0
0	0
0	0
0	0
0	0
0	0
0	0
0	0
1	0
0	0
0	0
1	0
0	0
0	0
0	0
0	0
0	0
1	0
0	0
1	0
0	0
0	0
0	0
0	0
2	0
0	0
1	0
0	0
0	0
2	0
0	0
0	0
0	0
2	0
1	0
2	0
0	0
0	0
0	0
0	0
0	0
1	0
0	0
0	0
0	0
0	0
0	0
0	0
0	0
0	0
0	0
0	0
0	0
0	0
0	0
0	0
0	0
0	0
0	0
0	0
0	0
0	0
0	0
0	0
0	0
0	0
3	0
1	0
1	0
0	0
0	0
0	0
0	0
0	0
0	0
0	0
0	0
0	0
0	0
13	0
3	0
0	0
0	0
0	0
0	0
0	0
2	0
0	0
0	0
0	0
2	0
0	0
0	0
0	0
3	1
0	0
0	0
0	0
0	0
0	0
1	0
0	0
6	1
0	0
0	0
0	0
12	0
0	0
0	0
0	0
0	0
0	0
0	0
0	0
0	0
0	0
0	0
0	0
0	0
0	0
0	0
0	0
0	0
0	0
0	0
0	0
0	0
0	0
1	0
0	0
0	0
3	2
7	2
2	0
0	0
0	0
0	0
0	0
0	0
0	0
0	0
0	0
0	0
0	0
0	0
0	0
0	0
0	0
0	0
0	0
0	0
0	0
0	0
0	0
0	0
0	0
0	0
0	0
0	0
0	0
0	0
0	0
0	0
0	0
0	0
0	0
0	0
0	0
0	0
0	0
0	0
0	0
0	0
0	0
0	0
0	0
0	0
0	0
0	0
0	0
1	0
0	0
0	0
0	0
0	0
0	0
0	0
0	0
0	0
0	0
0	0
0	0
0	0
0	0
0	0
0	0
0	0
0	0
0	0
0	0
0	0
0	0
0	0
0	0
0	0
0	0
0	0
0	0
0	0
0	0
0	0
0	0
0	0
0	0
0	0
0	0
0	0
0	0
0	0
0	0
0	0
0	0
0	0
0	0
0	0
0	0
0	0
0	0
0	0
0	0
0	0
0	0
0	0
0	0
0	0
0	0
0	0
0	0
0	0
0	0
0	0
0	0
0	0
0	0
0	0
1	0
0	0
0	0
0	0
0	0
0	0
0	0
0	0
0	0
0	0
0	0
0	0
0	0
0	0
0	0
0	0
0	0
0	0
0	0
3	0
0	0
0	0
0	0
0	0
0	0
0	0
0	0
0	0
0	0
0	0
0	0
0	0
0	0
0	0
0	0
0	0
0	0
0	0
0	0
0	0
0	0
0	0
0	0
0	0
0	0
0	0
0	0
0	0
0	0
0	0
0	0
0	0
0	0
0	0
0	0
0	0
0	0
0	0
0	0
0	0
0	0
0	0
0	0
0	0
0	0
0	0
0	0
0	0
0	0
0	0
0	0
0	0
0	0
0	0
0	0
0	0
0	0
4	2
0	0
0	0
0	0
0	0
0	0
0	0
0	0
0	0
0	0
0	0
0	0
0	0
1	0
0	0
0	0
0	0
0	0
0	0
0	0
0	0
0	0
0	0
0	0
0	0
0	0
3	0
0	0
0	0
0	0
0	0
0	2
0	0
0	0
0	1
1	0
0	0
0	0
3	0
0	0
0	0
0	0
0	0
0	0
0	0
0	0
0	0
0	0
0	0
0	0
0	0
0	0
0	0
0	0
0	0
0	0
0	0
0	0
0	0
0	0
0	0
0	0
0	0
0	0
0	0
2	0
0	0
0	0
1	0
0	0
0	0
0	0
0	0
0	0
0	0
0	0
0	0
0	0
0	0
0	0
0	0
0	1
0	0
0	0
0	1
0	0
0	0
3	0
0	0
0	5
0	0
0	0
0	0
0	0
0	0
0	0
1	0
0	0
0	1
0	0
0	0
0	0
0	1
0	1
1	1
0	0
1	0
0	0
0	0
0	0
0	0
0	0
0	0
0	0
0	2
0	0
0	1
0	0
0	0
0	1
